-- MySQL dump 10.13  Distrib 5.7.35, for Win64 (x86_64)

--

-- Host: localhost    Database: ejercicioregiones

-- ------------------------------------------------------

-- Server version	5.7.35-log



/*!40101 SET @OLD_CHARACTER_SET_CLIENT=@@CHARACTER_SET_CLIENT */;

/*!40101 SET @OLD_CHARACTER_SET_RESULTS=@@CHARACTER_SET_RESULTS */;

/*!40101 SET @OLD_COLLATION_CONNECTION=@@COLLATION_CONNECTION */;

/*!40101 SET NAMES utf8 */;

/*!40103 SET @OLD_TIME_ZONE=@@TIME_ZONE */;

/*!40103 SET TIME_ZONE='+00:00' */;

/*!40014 SET @OLD_UNIQUE_CHECKS=@@UNIQUE_CHECKS, UNIQUE_CHECKS=0 */;

/*!40014 SET @OLD_FOREIGN_KEY_CHECKS=@@FOREIGN_KEY_CHECKS, FOREIGN_KEY_CHECKS=0 */;

/*!40101 SET @OLD_SQL_MODE=@@SQL_MODE, SQL_MODE='NO_AUTO_VALUE_ON_ZERO' */;

/*!40111 SET @OLD_SQL_NOTES=@@SQL_NOTES, SQL_NOTES=0 */;



--

-- Table structure for table `cliente`

--



DROP TABLE IF EXISTS `cliente`;

/*!40101 SET @saved_cs_client     = @@character_set_client */;

/*!40101 SET character_set_client = utf8 */;

CREATE TABLE `cliente` (

  `id` int(11) NOT NULL AUTO_INCREMENT,

  `Nombre` varchar(30) NOT NULL,

  `Apellidos` varchar(60) NOT NULL,

  `DNI_nie` varchar(10) DEFAULT NULL,

  `Telefono` int(11) NOT NULL,

  `email` varchar(80) NOT NULL,

  `Direccion_vivienda` varchar(80) DEFAULT NULL,

  `Ciudad` varchar(50) NOT NULL,

  `CP` int(11) NOT NULL,

  `Fecha_alta` datetime NOT NULL,

  PRIMARY KEY (`id`),

  UNIQUE KEY `email` (`email`)

) ENGINE=InnoDB AUTO_INCREMENT=2 DEFAULT CHARSET=utf8;

/*!40101 SET character_set_client = @saved_cs_client */;



--

-- Dumping data for table `cliente`

--



LOCK TABLES `cliente` WRITE;

/*!40000 ALTER TABLE `cliente` DISABLE KEYS */;

INSERT INTO `cliente` VALUES (1,'Lara','Dominguez','02415643F',453857456,'laradominguez','C/Paz dinamica','Mallorca',23453,'2020-02-22 00:00:00');

/*!40000 ALTER TABLE `cliente` ENABLE KEYS */;

UNLOCK TABLES;



--

-- Table structure for table `departamentos`

--



DROP TABLE IF EXISTS `departamentos`;

/*!40101 SET @saved_cs_client     = @@character_set_client */;

/*!40101 SET character_set_client = utf8 */;

CREATE TABLE `departamentos` (

  `id` int(11) NOT NULL AUTO_INCREMENT,

  `idUbicaciones` int(11) NOT NULL,

  `nombre` varchar(25) NOT NULL,

  `direccion` varchar(25) NOT NULL,

  `CP` int(11) NOT NULL,

  `idJefe` int(11) DEFAULT NULL,

  `idCliente` int(9) DEFAULT NULL,

  `idAutorizado` int(9) DEFAULT NULL,

  `idAdjunto` int(9) DEFAULT NULL,

  PRIMARY KEY (`id`),

  KEY `idUbicaciones` (`idUbicaciones`),

  CONSTRAINT `departamentos_ibfk_1` FOREIGN KEY (`idUbicaciones`) REFERENCES `ubicaciones` (`id`)

) ENGINE=InnoDB AUTO_INCREMENT=57 DEFAULT CHARSET=utf8;

/*!40101 SET character_set_client = @saved_cs_client */;



--

-- Dumping data for table `departamentos`

--



LOCK TABLES `departamentos` WRITE;

/*!40000 ALTER TABLE `departamentos` DISABLE KEYS */;

INSERT INTO `departamentos` VALUES (1,1,'RRHH','direccion 1',13001,678,NULL,NULL,NULL),(2,1,'Marketing','direccion 2',13002,534,NULL,NULL,NULL),(3,2,'RRHH','direccion 1',13001,971,NULL,NULL,NULL),(4,2,'Marketing','direccion 2',13002,584,NULL,NULL,NULL),(5,3,'RRHH','direccion 1',13001,732,NULL,NULL,NULL),(6,3,'Marketing','direccion 2',13002,879,NULL,NULL,NULL),(7,4,'RRHH','direccion 1',13001,638,NULL,NULL,NULL),(8,4,'Marketing','direccion 2',13002,538,NULL,NULL,NULL),(9,5,'RRHH','direccion 1',13001,391,NULL,NULL,NULL),(10,5,'Marketing','direccion 2',13002,856,NULL,NULL,NULL),(11,6,'RRHH','direccion 1',13001,574,NULL,NULL,NULL),(12,6,'Marketing','direccion 2',13002,364,NULL,NULL,NULL),(13,7,'RRHH','direccion 1',13001,564,NULL,NULL,NULL),(14,7,'Marketing','direccion 2',13002,731,NULL,NULL,NULL),(15,8,'RRHH','direccion 1',13001,694,NULL,NULL,NULL),(16,8,'Marketing','direccion 2',13002,484,NULL,NULL,NULL),(17,9,'RRHH','direccion 1',13001,665,NULL,NULL,NULL),(18,9,'Marketing','direccion 2',13002,398,NULL,NULL,NULL),(19,10,'RRHH','direccion 1',13001,451,NULL,NULL,NULL),(20,10,'Marketing','direccion 2',13002,884,NULL,NULL,NULL),(21,11,'RRHH','direccion 1',13001,931,NULL,NULL,NULL),(22,11,'Marketing','direccion 2',13002,620,NULL,NULL,NULL),(23,12,'RRHH','direccion 1',13001,704,NULL,NULL,NULL),(24,12,'Marketing','direccion 2',13002,494,NULL,NULL,NULL),(25,13,'RRHH','direccion 1',13001,615,NULL,NULL,NULL),(26,13,'Marketing','direccion 2',13002,807,NULL,NULL,NULL),(27,14,'RRHH','direccion 1',13001,632,NULL,NULL,NULL),(28,14,'Marketing','direccion 2',13002,455,NULL,NULL,NULL),(29,15,'RRHH','direccion 1',13001,1076,NULL,NULL,NULL),(30,15,'Marketing','direccion 2',13002,958,NULL,NULL,NULL),(31,16,'RRHH','direccion 1',13001,1043,NULL,NULL,NULL),(32,16,'Marketing','direccion 2',13002,1110,NULL,NULL,NULL),(33,17,'RRHH','direccion 1',13001,1071,NULL,NULL,NULL),(34,17,'Marketing','direccion 2',13002,1057,NULL,NULL,NULL),(35,18,'RRHH','direccion 1',13001,910,NULL,NULL,NULL),(36,18,'Marketing','direccion 2',13002,881,NULL,NULL,NULL),(37,19,'RRHH','direccion 1',13001,1107,NULL,NULL,NULL),(38,19,'Marketing','direccion 2',13002,1014,NULL,NULL,NULL),(39,20,'RRHH','direccion 1',13001,891,NULL,NULL,NULL),(40,20,'Marketing','direccion 2',13002,1117,NULL,NULL,NULL),(41,21,'RRHH','direccion 1',13001,919,NULL,NULL,NULL),(42,21,'Marketing','direccion 2',13002,1123,NULL,NULL,NULL),(43,22,'RRHH','direccion 1',13001,1116,NULL,NULL,NULL),(44,22,'Marketing','direccion 2',13002,975,NULL,NULL,NULL),(45,23,'RRHH','direccion 1',13001,1024,NULL,NULL,NULL),(46,23,'Marketing','direccion 2',13002,1075,NULL,NULL,NULL),(47,24,'RRHH','direccion 1',13001,1124,NULL,NULL,NULL),(48,24,'Marketing','direccion 2',13002,1079,NULL,NULL,NULL),(49,25,'RRHH','direccion 1',13001,1078,NULL,NULL,NULL),(50,25,'Marketing','direccion 2',13002,953,NULL,NULL,NULL),(51,26,'RRHH','direccion 1',13001,1085,NULL,NULL,NULL),(52,26,'Marketing','direccion 2',13002,870,NULL,NULL,NULL),(53,27,'RRHH','direccion 1',13001,1055,NULL,NULL,NULL),(54,27,'Marketing','direccion 2',13002,1121,NULL,NULL,NULL),(55,28,'RRHH','direccion 1',13001,929,NULL,NULL,NULL),(56,28,'Marketing','direccion 2',13002,1080,NULL,NULL,NULL);

/*!40000 ALTER TABLE `departamentos` ENABLE KEYS */;

UNLOCK TABLES;



--

-- Table structure for table `dircli`

--



DROP TABLE IF EXISTS `dircli`;

/*!40101 SET @saved_cs_client     = @@character_set_client */;

/*!40101 SET character_set_client = utf8 */;

CREATE TABLE `dircli` (

  `dni_nie` varchar(25) NOT NULL,

  `correoe` varchar(80) DEFAULT NULL,

  `ciudad` varchar(30) DEFAULT NULL,

  `ubicacion` varchar(50) DEFAULT NULL,

  `fecha_alta` datetime DEFAULT NULL,

  `telefono` varchar(20) DEFAULT NULL,

  `autorizado` varchar(32) DEFAULT NULL,

  `cliente` varchar(40) DEFAULT NULL,

  `adjunto` varchar(40) DEFAULT NULL,

  `notas` varchar(250) DEFAULT NULL,

  PRIMARY KEY (`dni_nie`),

  UNIQUE KEY `cliente` (`cliente`)

) ENGINE=InnoDB DEFAULT CHARSET=utf8;

/*!40101 SET character_set_client = @saved_cs_client */;



--

-- Dumping data for table `dircli`

--



LOCK TABLES `dircli` WRITE;

/*!40000 ALTER TABLE `dircli` DISABLE KEYS */;

INSERT INTO `dircli` VALUES ('y577658u','iu7uyiyui','uyiuyio','uuiuyi','1111-11-11 10:11:11','456647','1','1','1','765765');

/*!40000 ALTER TABLE `dircli` ENABLE KEYS */;

UNLOCK TABLES;



--

-- Table structure for table `edificios`

--



DROP TABLE IF EXISTS `edificios`;

/*!40101 SET @saved_cs_client     = @@character_set_client */;

/*!40101 SET character_set_client = utf8 */;

CREATE TABLE `edificios` (

  `edificio_no` int(11) NOT NULL AUTO_INCREMENT,

  `edificio_name` varchar(255) NOT NULL,

  `direccion` varchar(335) NOT NULL,

  PRIMARY KEY (`edificio_no`)

) ENGINE=InnoDB AUTO_INCREMENT=7 DEFAULT CHARSET=utf8;

/*!40101 SET character_set_client = @saved_cs_client */;



--

-- Dumping data for table `edificios`

--



LOCK TABLES `edificios` WRITE;

/*!40000 ALTER TABLE `edificios` DISABLE KEYS */;

INSERT INTO `edificios` VALUES (2,'MELIA','DIR2'),(3,'SUPER STAR','DIR3'),(4,'BARCELO','DIR4'),(5,'RIU','DIR4'),(6,'TARTESUS','DIR5');

/*!40000 ALTER TABLE `edificios` ENABLE KEYS */;

UNLOCK TABLES;



--

-- Table structure for table `empleados`

--



DROP TABLE IF EXISTS `empleados`;

/*!40101 SET @saved_cs_client     = @@character_set_client */;

/*!40101 SET character_set_client = utf8 */;

CREATE TABLE `empleados` (

  `id` int(11) NOT NULL AUTO_INCREMENT,

  `idDepartamento` int(11) NOT NULL,

  `idPuesto` int(11) NOT NULL,

  `apellido` varchar(25) NOT NULL,

  `salario` float NOT NULL,

  `fecha_nacimiento` datetime DEFAULT NULL,

  `jefe` tinyint(1) DEFAULT NULL,

  `nombre` varchar(70) DEFAULT NULL,

  PRIMARY KEY (`id`),

  KEY `idDepartamento` (`idDepartamento`),

  KEY `idPuesto` (`idPuesto`),

  CONSTRAINT `empleados_ibfk_1` FOREIGN KEY (`idDepartamento`) REFERENCES `departamentos` (`id`),

  CONSTRAINT `empleados_ibfk_2` FOREIGN KEY (`idPuesto`) REFERENCES `puesto` (`id`)

) ENGINE=InnoDB AUTO_INCREMENT=1273 DEFAULT CHARSET=utf8;

/*!40101 SET character_set_client = @saved_cs_client */;



--

-- Dumping data for table `empleados`

--



LOCK TABLES `empleados` WRITE;

/*!40000 ALTER TABLE `empleados` DISABLE KEYS */;

INSERT INTO `empleados` VALUES (337,14,5,'Bartlett',3111.75,'1995-08-16 09:17:14',0,NULL),(338,23,1,'Rios',2144,'1991-12-05 20:42:56',0,NULL),(339,10,3,'Cardenas',2024.16,'1964-05-29 05:51:29',0,NULL),(340,20,6,'Hodges',1904.65,'1978-06-10 02:48:36',0,NULL),(341,22,4,'Solis',1937.86,'1985-03-10 05:58:48',0,NULL),(342,23,1,'Rodriquez',1756.12,'1971-04-13 14:35:00',0,NULL),(343,19,3,'Walters',3033.28,'1979-04-27 10:56:33',0,NULL),(344,7,3,'Robles',1800.14,'1973-06-21 00:36:18',0,NULL),(345,7,5,'Wagner',3362.34,'1972-11-27 17:03:47',0,NULL),(346,4,1,'Wilcox',1302.33,'1960-07-16 21:00:58',0,NULL),(347,14,6,'Strickland',2944.69,'1995-04-25 19:01:24',0,NULL),(348,4,6,'Barlow',2317.78,'1971-04-23 19:07:32',0,NULL),(349,16,4,'Lang',1629.21,'1975-08-27 10:50:22',0,NULL),(350,10,1,'Sexton',2321,'1977-09-26 00:48:53',0,NULL),(351,3,6,'Riddle',2143.97,'1974-06-01 09:28:14',0,NULL),(352,16,6,'Patel',1930.05,'1986-05-29 00:13:52',0,NULL),(353,4,6,'Jennings',1888.05,'1960-08-27 13:47:22',0,NULL),(354,23,6,'White',2154.94,'1995-03-08 22:42:32',0,NULL),(355,24,6,'Case',2676.38,'1959-09-01 03:21:40',0,NULL),(356,16,3,'Stein',2488.22,'1987-09-08 00:47:31',0,NULL),(357,5,1,'Figueroa',3391,'1966-03-28 16:37:54',0,NULL),(358,1,4,'Weeks',2986.03,'1988-08-29 23:21:35',0,NULL),(359,25,2,'Jacobson',1848.66,'1986-07-29 15:34:27',0,NULL),(360,11,6,'Hammond',1170.14,'1969-05-31 07:46:50',0,NULL),(361,18,1,'Conley',3302,'1963-12-14 18:51:58',0,NULL),(363,23,5,'Burgess',1331.3,'1958-05-27 05:37:00',0,NULL),(364,12,4,'Lee',1658.51,'1968-08-13 16:23:58',1,NULL),(365,11,1,'Evans',3902,'1993-09-27 21:54:02',0,NULL),(366,22,2,'Mckay',1808.93,'1971-05-15 00:09:55',0,NULL),(367,26,3,'Wilkerson',1236.94,'1969-06-21 19:34:38',0,NULL),(368,28,6,'Mueller',2916.84,'1960-05-30 22:52:10',0,NULL),(369,8,2,'Battle',2007.21,'1960-02-08 11:56:16',0,NULL),(370,5,3,'Bradford',1134.98,'1978-06-26 16:01:13',0,NULL),(371,24,6,'Rutledge',2156.62,'1983-02-12 03:05:58',0,NULL),(372,19,2,'Osborne',1121.3,'1958-05-27 06:22:40',0,NULL),(373,23,6,'Scott',3093.19,'1986-07-14 12:29:35',0,NULL),(374,27,6,'Schmidt',1602.28,'1985-01-27 23:08:07',0,NULL),(375,17,1,'Sexton',2926,'1994-08-07 04:45:37',0,NULL),(376,25,2,'Faulkner',2774.25,'1956-10-05 00:45:56',0,NULL),(377,11,1,'Wilkerson',3934,'1991-01-31 12:01:39',0,NULL),(378,4,2,'Morris',3085.59,'1978-07-21 06:41:56',0,NULL),(379,1,2,'Jennings',2867.91,'1987-09-23 10:01:47',0,NULL),(380,18,1,'Trujillo',3647,'1956-12-07 22:18:47',0,NULL),(381,14,1,'Russell',2971,'1986-10-20 18:37:40',0,NULL),(382,1,3,'Lynn',2082.79,'1986-09-27 21:14:08',0,NULL),(383,7,5,'Lee',2062.97,'1987-11-15 22:12:44',0,NULL),(384,6,3,'Dickson',1034.37,'1956-10-04 03:02:05',0,NULL),(385,26,5,'Bruce',1674.84,'1962-03-19 14:24:36',0,NULL),(386,25,6,'Reed',1197.28,'1978-06-05 20:51:58',0,NULL),(387,13,1,'Mendez',3135,'1970-07-31 18:01:20',0,NULL),(388,27,4,'Sharpe',1264.78,'1971-07-23 15:55:17',0,NULL),(389,5,2,'Franklin',2690.72,'1975-05-24 05:51:40',0,NULL),(390,12,6,'Love',2444.34,'1975-02-22 20:14:45',0,NULL),(391,9,1,'Diaz',3840,'1958-01-14 16:25:39',1,NULL),(392,3,5,'Howe',2700.84,'1975-07-15 05:12:40',0,NULL),(393,12,5,'Wilkerson',1019.72,'1989-10-19 17:33:38',0,NULL),(394,8,5,'Stone',1752.28,'1981-05-27 08:25:16',0,NULL),(395,15,2,'Barlow',1154.51,'1958-12-21 07:37:49',0,NULL),(396,10,4,'Callahan',1605.77,'1976-04-24 23:20:03',0,NULL),(397,24,5,'Galloway',1277.58,'1995-09-19 19:33:34',0,NULL),(398,18,2,'Rose',3062.81,'1959-04-30 06:00:07',1,NULL),(399,15,3,'Hester',2010.19,'1988-12-07 05:34:49',0,NULL),(400,1,4,'Keith',2794.5,'1971-04-07 02:49:40',0,NULL),(401,13,2,'Jarvis',1808.93,'1982-05-11 16:41:25',0,NULL),(402,19,2,'Soto',2059.8,'1967-01-21 02:38:29',0,NULL),(403,9,6,'Hays',1729.82,'1959-07-07 12:43:36',0,NULL),(404,6,2,'Keith',3127.78,'1968-08-26 21:15:19',0,NULL),(405,3,5,'Sloan',1152.56,'1990-03-02 21:11:30',0,NULL),(406,20,2,'Gomez',2050.24,'1961-06-15 16:08:22',0,NULL),(407,26,2,'Middleton',926.438,'1985-07-26 16:31:55',0,NULL),(408,9,3,'Cantrell',2057.06,'1963-05-10 14:22:14',0,NULL),(409,6,6,'Sampson',2993.62,'1980-03-16 14:29:40',0,NULL),(410,14,1,'Holder',1220.14,'1968-04-10 03:40:53',0,NULL),(411,12,2,'Armstrong',3148.88,'1959-12-24 16:38:19',0,NULL),(412,7,2,'Parsons',1282.47,'1984-01-02 05:41:34',0,NULL),(413,11,5,'Mccarthy',1704.42,'1987-06-19 15:23:40',0,NULL),(414,26,1,'Banks',3465,'1987-04-24 11:50:20',0,NULL),(415,9,5,'Hudson',3051.84,'1967-08-29 15:31:19',0,NULL),(416,16,5,'Black',2335.5,'1965-06-07 04:57:43',0,NULL),(417,13,3,'Mullen',1613.58,'1971-02-05 15:35:49',0,NULL),(418,20,4,'Finley',2416.5,'1958-05-27 23:38:11',0,NULL),(419,21,6,'Hobbs',2031.63,'1974-08-31 21:22:37',0,NULL),(420,14,5,'Yates',2067.77,'1964-04-18 22:13:04',0,NULL),(421,1,1,'Mclaughlin',2453,'1961-07-05 17:43:04',0,NULL),(422,22,6,'Craig',1681.96,'1961-12-31 21:11:42',0,NULL),(423,21,6,'Levy',2852.72,'1971-09-07 13:24:57',0,NULL),(424,21,2,'Donovan',2093.03,'1989-03-24 12:11:41',0,NULL),(425,10,3,'Herring',1774.75,'1973-05-12 18:04:45',0,NULL),(426,10,4,'Houston',1457.31,'1968-08-06 23:11:52',0,NULL),(427,12,3,'Cobb',1911.49,'1959-04-05 05:02:22',0,NULL),(428,5,5,'Pope',2065.5,'1956-01-18 19:55:28',0,NULL),(429,7,5,'Mercer',3287.25,'1979-09-07 21:52:17',0,NULL),(430,10,3,'Whitehead',1705.4,'1964-06-15 21:29:17',0,NULL),(431,3,4,'Martinez',2717.72,'1964-01-17 04:31:53',0,NULL),(432,16,4,'Bonner',3357.28,'1959-08-16 01:49:29',0,NULL),(433,19,6,'Golden',2055.38,'1978-06-12 05:25:20',0,NULL),(434,12,6,'Weaver',2244.38,'1967-04-18 19:39:04',0,NULL),(435,20,2,'Lynn',3355.59,'1989-10-06 21:31:35',0,NULL),(436,3,5,'Rodriguez',3201.19,'1976-05-30 09:47:08',0,NULL),(437,26,4,'Marshall',2769.19,'1984-08-08 11:45:59',0,NULL),(438,8,3,'Durham',2425.78,'1962-10-23 12:24:07',0,NULL),(439,28,2,'Ewing',2434.22,'1976-06-01 14:59:35',0,NULL),(440,18,3,'Sanders',2194.59,'1966-04-22 00:52:49',0,NULL),(441,16,2,'Ruiz',1157.44,'1968-12-26 04:01:52',0,NULL),(442,16,5,'Mcneil',3051.84,'1994-12-03 19:58:08',0,NULL),(443,3,6,'Roach',1630.19,'1971-09-07 02:30:58',0,NULL),(444,27,4,'Avila',2319.47,'1967-04-02 06:32:41',0,NULL),(445,2,3,'Holden',1589.17,'1985-05-11 02:46:35',0,NULL),(446,2,2,'Phelps',1360.61,'1984-06-05 08:17:38',0,NULL),(447,3,5,'Byers',2250.28,'1978-02-04 22:30:47',0,NULL),(448,28,3,'Alvarez',1316.25,'1965-01-12 16:52:24',0,NULL),(449,20,1,'Hurley',2396,'1959-12-23 11:39:58',0,NULL),(450,13,4,'Hines',1423.12,'1956-02-24 07:36:34',0,NULL),(451,19,1,'Mcclain',2723,'1971-07-24 07:05:06',1,NULL),(452,10,1,'Lopez',2004.45,'1972-02-14 21:42:16',0,NULL),(453,3,6,'Maynard',2440.12,'1962-08-01 10:07:55',0,NULL),(454,4,3,'Mueller',2055.07,'1980-03-06 10:56:00',0,NULL),(455,28,4,'Maldonado',2370.94,'1971-06-21 22:40:24',1,NULL),(456,7,2,'Roach',1417.26,'1961-05-02 09:05:27',0,NULL),(457,14,2,'Nielsen',1110.56,'1985-07-02 03:48:13',0,NULL),(458,4,2,'Goff',2985.19,'1994-02-24 16:43:57',0,NULL),(459,8,3,'Hunter',2807.16,'1960-04-18 01:23:44',0,NULL),(460,8,5,'May',2165.91,'1995-07-24 04:04:02',0,NULL),(461,28,6,'Mayo',2408.06,'1956-02-18 12:45:36',0,NULL),(462,6,6,'Johnston',3015.56,'1974-10-24 17:54:47',0,NULL),(463,26,4,'Trujillo',2859.47,'1976-03-22 18:07:28',0,NULL),(464,5,5,'Lloyd',1402.61,'1967-03-05 16:40:30',0,NULL),(465,6,2,'Delgado',3236.62,'1967-04-04 03:52:03',0,NULL),(466,16,2,'Livingston',1174.05,'1992-05-19 11:33:27',0,NULL),(467,7,6,'Casey',2598.75,'1962-04-19 12:55:21',0,NULL),(468,8,6,'Chaney',2855.25,'1987-08-08 00:10:23',0,NULL),(469,5,6,'Gilbert',2109.38,'1956-01-25 11:11:30',0,NULL),(470,16,1,'Cabrera',2226,'1974-01-04 04:47:57',0,NULL),(471,15,1,'Powell',3735,'1973-09-22 00:04:38',0,NULL),(472,16,3,'Montoya',2868.75,'1970-12-17 22:34:34',0,NULL),(473,27,3,'Gilmore',3285.56,'1995-12-16 07:07:12',0,NULL),(474,8,3,'Duke',1982.79,'1959-07-09 13:53:12',0,NULL),(475,7,3,'Crawford',1864.61,'1961-05-27 03:54:01',0,NULL),(476,21,1,'Evans',2091,'1956-01-16 03:30:18',0,NULL),(477,1,3,'Frye',3148.88,'1956-03-28 11:35:35',0,NULL),(478,13,6,'Sweeney',2376,'1984-09-05 22:43:08',0,NULL),(479,3,3,'Noble',1188.7,'1960-01-10 14:11:37',0,NULL),(480,15,6,'Gamble',3355.59,'1961-08-02 11:39:07',0,NULL),(481,8,5,'Mcmahon',2108.53,'1974-05-02 04:41:00',0,NULL),(482,19,6,'Rojas',1361.58,'1989-03-19 22:48:22',0,NULL),(483,11,3,'Mathews',3150.56,'1985-02-25 16:14:25',0,NULL),(484,16,3,'Mays',1297.12,'1988-06-01 02:50:22',1,NULL),(485,14,1,'Wright',3959,'1963-07-11 21:41:18',0,NULL),(486,8,1,'Farley',1440.09,'1963-12-02 06:08:45',0,NULL),(487,1,6,'Chapman',1611.63,'1979-07-30 22:00:13',0,NULL),(488,10,5,'Munoz',2593.69,'1981-03-23 18:19:43',0,NULL),(489,15,1,'Ayers',2896,'1965-09-18 09:21:14',0,NULL),(490,19,3,'Rasmussen',1161.35,'1995-05-28 12:58:44',0,NULL),(491,5,6,'Barr',2704.22,'1994-05-30 16:51:48',0,NULL),(492,25,4,'Rivas',2071.41,'1977-01-31 04:58:52',0,NULL),(493,17,3,'Huffman',1067.58,'1972-04-07 06:20:16',0,NULL),(494,24,2,'Meadows',2482.31,'1959-06-17 23:59:27',1,NULL),(495,20,2,'Houston',3291.47,'1960-06-19 04:26:53',0,NULL),(496,4,1,'Gilbert',2837,'1991-12-18 04:01:44',0,NULL),(497,26,5,'Johns',3127.78,'1964-07-24 19:57:08',0,NULL),(498,4,4,'Mcclain',2014.62,'1980-11-02 17:26:29',0,NULL),(499,10,1,'Ashley',1587.1,'1973-12-07 14:01:06',0,NULL),(500,18,4,'Macdonald',2488.22,'1959-05-01 15:28:50',0,NULL),(501,1,6,'Gomez',2602.12,'1983-12-28 19:44:52',0,NULL),(502,9,2,'Mathews',1609.68,'1984-03-14 23:25:15',0,NULL),(503,14,3,'Trujillo',2054.53,'1974-12-09 10:28:17',0,NULL),(504,6,6,'Guzman',1347.91,'1971-03-01 15:17:02',0,NULL),(505,12,6,'Hawkins',1273.68,'1990-08-18 12:34:11',0,NULL),(506,16,3,'Hardy',2842.59,'1980-06-22 01:47:58',0,NULL),(507,28,2,'Travis',1222.59,'1978-12-30 04:16:44',0,NULL),(508,13,2,'Ramos',2040.19,'1966-11-04 07:56:14',0,NULL),(509,4,1,'Leonard',1612.57,'1981-09-19 16:30:52',0,NULL),(510,12,6,'Jacobson',2361.66,'1989-10-18 15:17:01',0,NULL),(511,27,5,'Flowers',2810.53,'1984-11-29 02:57:36',0,NULL),(512,28,6,'Cash',1776.94,'1966-02-04 20:27:38',0,NULL),(513,9,5,'Fitzgerald',2701.69,'1974-03-01 08:05:45',0,NULL),(514,16,1,'Rowland',3135,'1995-02-19 02:38:06',0,NULL),(515,15,4,'Mcgowan',2921.91,'1956-08-23 22:25:41',0,NULL),(516,2,2,'Lynch',2047.26,'1986-01-04 05:59:34',0,NULL),(517,19,5,'Ruiz',2944.69,'1963-12-08 22:49:57',0,NULL),(518,17,4,'Duran',3235.78,'1957-07-08 08:12:58',0,NULL),(519,10,1,'Jordan',2319,'1958-10-12 05:07:03',0,NULL),(520,13,1,'Moreno',2003.4,'1994-02-21 16:49:37',0,NULL),(521,7,6,'Adkins',2969.16,'1985-05-08 12:13:03',0,NULL),(522,18,5,'Alvarez',2122.88,'1962-08-16 16:30:23',0,NULL),(523,14,1,'Barton',3574,'1965-10-26 02:28:27',0,NULL),(524,6,6,'Ware',2063.81,'1977-09-07 09:14:03',0,NULL),(525,25,2,'Pope',3371.62,'1988-02-03 17:12:56',0,NULL),(526,22,5,'James',1962.28,'1978-02-05 19:56:16',0,NULL),(527,12,3,'Munoz',2754,'1975-08-23 10:42:55',0,NULL),(528,23,6,'Dickson',3340.41,'1990-11-25 23:00:10',0,NULL),(529,5,4,'White',1381.12,'1956-11-17 09:51:41',0,NULL),(530,13,3,'Smith',1116.42,'1965-08-28 03:48:30',0,NULL),(531,18,3,'Vaughan',2302.59,'1980-08-02 17:07:32',0,NULL),(532,1,5,'Pace',2068.03,'1979-11-05 02:58:01',0,NULL),(533,26,2,'Ayala',2130.47,'1959-06-25 14:07:31',0,NULL),(534,2,3,'Stone',1926.14,'1984-12-30 23:37:28',1,NULL),(535,9,1,'James',3546,'1990-09-12 06:22:07',0,NULL),(536,12,1,'Anderson',3506,'1978-11-18 09:48:58',0,NULL),(537,10,5,'Small',1478.79,'1985-05-09 01:44:42',0,NULL),(538,8,6,'Stuart',3371.62,'1959-01-09 20:03:13',1,NULL),(539,5,4,'Franklin',1000.19,'1956-09-25 14:35:53',0,NULL),(540,13,2,'Saunders',2294.16,'1984-03-21 00:44:44',0,NULL),(541,13,1,'Pena',2009.7,'1975-09-14 21:59:21',0,NULL),(542,1,1,'Lowe',2946,'1973-01-22 01:13:04',0,NULL),(543,24,2,'Rowe',2476.41,'1976-11-26 05:32:30',0,NULL),(544,9,3,'Sullivan',3017.25,'1978-07-19 12:33:56',0,NULL),(545,21,4,'Owen',3322.69,'1961-09-01 03:00:18',0,NULL),(546,8,2,'Vega',1914.42,'1982-11-23 04:11:46',0,NULL),(547,21,2,'Craig',2419.88,'1988-04-29 16:22:35',0,NULL),(548,10,4,'Roth',1186.75,'1990-12-18 23:31:34',0,NULL),(549,11,2,'Garrison',1799.17,'1963-08-23 02:31:21',0,NULL),(550,8,5,'Yates',3321.84,'1987-06-25 04:03:20',0,NULL),(551,4,2,'Huber',2648.53,'1957-08-29 20:04:46',0,NULL),(552,2,5,'Poole',1148.65,'1988-04-20 05:58:33',0,NULL),(553,12,4,'Velez',1907.59,'1961-08-04 01:48:33',0,NULL),(554,10,1,'Dunlap',1822.1,'1988-03-02 05:00:55',0,NULL),(555,18,2,'Rowland',3094.88,'1960-12-14 18:38:24',0,NULL),(556,7,5,'Jenkins',2651.91,'1995-02-18 05:56:14',0,NULL),(557,17,3,'Weeks',1020.7,'1982-11-13 21:58:46',0,NULL),(558,5,3,'Atkinson',1845.07,'1987-03-25 13:51:21',0,NULL),(559,8,4,'Whitley',3185.16,'1960-03-28 21:24:19',0,NULL),(560,7,1,'Larsen',3939,'1982-10-20 01:29:39',0,NULL),(561,1,1,'Collier',2096.85,'1963-10-16 00:57:23',0,NULL),(562,13,1,'Calhoun',3939,'1957-02-16 15:37:53',0,NULL),(563,11,4,'Fletcher',3139.59,'1957-01-24 17:55:53',0,NULL),(564,13,2,'Cooke',2004.88,'1979-11-14 14:21:24',1,NULL),(565,16,2,'Adkins',1880.24,'1979-05-15 18:59:33',0,NULL),(566,10,1,'Rush',2036,'1993-08-19 10:53:11',0,NULL),(567,28,2,'Copeland',2394.56,'1989-08-18 07:08:42',0,NULL),(568,1,5,'Randolph',2739.66,'1989-01-21 09:14:23',0,NULL),(569,10,1,'Olsen',2874,'1978-12-19 10:29:32',0,NULL),(570,4,3,'Stanton',1097.86,'1977-03-03 19:50:26',0,NULL),(571,20,2,'Stewart',1008,'1986-09-14 01:54:49',0,NULL),(572,25,2,'Norton',1196.44,'1975-03-21 01:33:10',0,NULL),(573,1,4,'Burns',1427.03,'1995-11-24 02:14:44',0,NULL),(574,11,3,'Henson',1743.49,'1964-06-28 00:05:08',1,NULL),(575,20,2,'Bowers',2773.41,'1994-05-27 13:01:14',0,NULL),(576,9,3,'Humphrey',3194.44,'1974-03-11 12:06:37',0,NULL),(577,23,2,'Sexton',2013.96,'1978-06-25 23:33:57',0,NULL),(578,15,6,'Stein',2058.75,'1993-08-12 00:32:44',0,NULL),(579,12,3,'Howell',2558.25,'1960-10-18 12:39:04',0,NULL),(580,27,2,'Fulton',3006.28,'1985-08-11 00:48:25',0,NULL),(581,20,4,'Chang',2035.54,'1987-12-29 09:16:10',0,NULL),(582,4,4,'Jordan',1855.82,'1989-04-13 08:41:10',0,NULL),(583,27,6,'Larson',2173.5,'1983-05-23 06:19:47',0,NULL),(584,4,3,'Greer',1980.84,'1981-09-09 20:45:27',1,NULL),(585,18,2,'Mejia',2500.03,'1988-11-10 03:22:39',0,NULL),(586,18,2,'Rivas',2882.25,'1981-03-22 13:22:13',0,NULL),(587,28,3,'Faulkner',1668.09,'1978-10-18 23:51:43',0,NULL),(588,14,5,'Perez',2082.38,'1992-05-04 04:14:30',0,NULL),(589,28,4,'Goodwin',1344.94,'1976-06-10 02:31:06',0,NULL),(590,15,4,'Romero',2279.81,'1979-10-18 02:15:25',0,NULL),(591,24,3,'Holland',1749.35,'1969-07-27 20:13:41',0,NULL),(592,17,4,'Fischer',1865.59,'1984-04-08 20:33:44',0,NULL),(593,3,5,'Foreman',1369.4,'1969-08-30 12:56:27',0,NULL),(594,9,4,'Foley',2338.03,'1976-03-02 04:08:18',0,NULL),(595,1,6,'Sheppard',3360.66,'1977-11-27 23:16:08',0,NULL),(596,7,5,'Dodson',2044.66,'1986-09-03 15:56:08',0,NULL),(597,27,5,'Cross',2653.59,'1964-07-17 01:53:16',0,NULL),(598,8,6,'Owen',1296.14,'1984-04-10 09:05:34',0,NULL),(599,21,2,'Garrett',1000.19,'1989-06-03 07:24:54',0,NULL),(600,28,3,'Tate',1198.12,'1985-03-10 13:46:36',0,NULL),(601,27,2,'Douglas',2111.91,'1964-10-29 23:54:00',0,NULL),(602,19,2,'Donaldson',1066.61,'1993-03-05 00:55:08',0,NULL),(603,5,4,'Ashley',2132.16,'1993-05-22 08:24:52',0,NULL),(604,18,1,'Wilkinson',2762,'1993-01-03 12:59:33',0,NULL),(605,1,2,'Frank',1011.91,'1957-02-19 13:00:59',0,NULL),(606,2,5,'Morrison',2776.78,'1958-06-14 15:40:24',0,NULL),(607,28,1,'Mccoy',3819,'1995-09-20 13:52:57',0,NULL),(608,3,2,'Mcclain',2099.03,'1965-06-03 16:59:08',0,NULL),(609,22,6,'Horn',1027.54,'1962-02-05 21:50:14',0,NULL),(610,9,3,'Austin',2052.84,'1968-08-30 12:28:40',0,NULL),(611,12,1,'Fitzpatrick',3383,'1992-09-05 21:30:27',0,NULL),(612,21,6,'Schroeder',2256.19,'1978-01-16 19:35:23',0,NULL),(613,26,3,'Roman',2883.94,'1993-04-24 20:09:43',0,NULL),(614,3,5,'Lewis',1556.93,'1981-06-30 10:41:46',0,NULL),(615,25,3,'Hunter',1938.09,'1978-06-27 00:41:07',1,NULL),(616,1,5,'Herrera',1511.03,'1969-10-19 07:06:08',0,NULL),(617,8,3,'Anthony',1966.19,'1971-10-11 22:13:21',0,NULL),(618,26,2,'Ellis',2884.78,'1969-03-30 12:31:34',0,NULL),(619,26,3,'Barrett',853.875,'1976-10-17 13:03:14',0,NULL),(620,22,2,'Wall',2993.62,'1975-10-03 09:10:59',1,NULL),(621,4,4,'Mccall',3197.81,'1989-03-06 06:22:13',0,NULL),(622,9,2,'Valdez',2851.03,'1979-06-07 15:32:45',0,NULL),(623,4,2,'Huff',2791.12,'1957-10-02 15:11:59',0,NULL),(624,8,3,'Patterson',2020.47,'1977-11-09 17:28:19',0,NULL),(625,12,4,'Wooten',2058.61,'1972-10-21 17:46:31',0,NULL),(626,28,3,'Solis',3265.31,'1958-05-12 15:19:41',0,NULL),(627,1,1,'Vance',3790,'1961-01-19 22:19:56',0,NULL),(628,25,1,'Mccormick',3897,'1978-11-09 07:49:00',0,NULL),(629,23,2,'Church',2045.59,'1965-05-18 09:03:46',0,NULL),(630,8,1,'Roth',1441.24,'1970-11-03 03:40:05',0,NULL),(631,28,3,'Park',2731.22,'1976-01-22 07:19:03',0,NULL),(632,27,1,'Deleon',3508,'1978-12-17 13:33:21',1,NULL),(633,15,1,'Suarez',2122,'1989-11-07 05:08:06',0,NULL),(634,12,2,'Best',2359.97,'1978-04-29 01:30:11',0,NULL),(635,27,6,'Hayes',879.188,'1962-12-27 00:57:17',0,NULL),(636,14,1,'Fischer',2442,'1977-03-02 03:23:26',0,NULL),(637,21,5,'Maldonado',3351.38,'1962-10-31 01:41:03',0,NULL),(638,7,2,'Branch',2057.68,'1970-03-31 20:07:40',1,NULL),(639,27,1,'Petty',3844,'1979-11-07 15:17:21',0,NULL),(640,3,2,'Lindsay',1754.24,'1973-10-09 02:29:52',0,NULL),(641,10,5,'Fuentes',3134.53,'1961-06-14 01:41:55',0,NULL),(642,16,2,'Short',3229.88,'1983-01-19 08:53:26',0,NULL),(643,16,3,'Campos',2096.72,'1974-06-10 20:48:49',0,NULL),(644,20,4,'Rosa',2093.03,'1983-02-10 12:51:20',0,NULL),(645,21,5,'Bryan',2498.34,'1958-09-25 02:34:40',0,NULL),(646,12,1,'Jacobson',3634,'1968-02-29 08:28:42',0,NULL),(647,18,1,'Williams',3159,'1965-12-01 12:35:33',0,NULL),(648,7,3,'Doyle',2886.47,'1986-07-27 11:26:16',0,NULL),(649,27,1,'Jacobson',3623,'1960-09-13 05:58:21',0,NULL),(650,13,4,'Becker',1034.37,'1995-08-22 18:59:19',0,NULL),(651,10,3,'Hall',1167.21,'1967-09-01 10:46:23',0,NULL),(652,5,6,'Burch',2010.19,'1980-12-30 03:06:55',0,NULL),(653,11,1,'Townsend',2797,'1959-05-12 20:29:52',0,NULL),(654,22,6,'Lara',2828.25,'1992-02-28 10:23:57',0,NULL),(655,23,1,'Bradshaw',2782,'1957-12-26 01:19:25',0,NULL),(656,17,1,'Bailey',2465,'1992-05-16 09:49:02',0,NULL),(657,20,5,'Burch',3295.69,'1963-01-10 02:28:42',0,NULL),(658,24,6,'Gaines',2386.12,'1969-01-09 02:50:38',0,NULL),(659,4,3,'Poole',1159.4,'1961-12-23 14:42:25',0,NULL),(660,14,5,'Allen',2291.62,'1957-04-05 06:11:00',0,NULL),(661,14,4,'Pacheco',2285.72,'1958-04-28 03:47:00',0,NULL),(662,12,4,'Maldonado',2488.22,'1988-12-24 10:40:35',0,NULL),(663,8,2,'Rowe',1831.4,'1961-12-30 19:08:37',0,NULL),(664,25,6,'Carney',3270.38,'1984-02-25 07:40:30',0,NULL),(665,17,4,'Peck',1741.54,'1995-12-21 22:52:58',1,NULL),(666,16,3,'Langley',3080.53,'1977-12-07 06:25:14',0,NULL),(667,9,4,'Rivera',2941.31,'1956-10-15 14:00:09',0,NULL),(668,10,3,'Mckee',2273.91,'1989-12-23 04:29:59',0,NULL),(669,21,2,'Pittman',2936.25,'1977-01-21 09:58:35',0,NULL),(670,9,1,'Bass',2045,'1992-06-05 15:30:39',0,NULL),(671,8,4,'Head',3266.16,'1962-12-29 08:50:07',0,NULL),(672,12,4,'Monroe',3251.81,'1971-04-17 14:57:21',0,NULL),(673,23,1,'Rice',3486,'1975-01-01 14:08:08',0,NULL),(674,1,3,'Nicholson',1399.68,'1995-08-14 09:33:49',0,NULL),(675,3,1,'Ward',1635.72,'1958-03-29 10:33:49',0,NULL),(676,6,2,'Shannon',1241.44,'1984-03-30 16:41:22',0,NULL),(677,13,1,'Whitaker',3713,'1983-11-07 22:43:31',0,NULL),(678,1,3,'Fox',2980.97,'1977-06-01 02:49:49',1,NULL),(679,21,6,'Mckee',3283.88,'1975-06-03 12:24:07',0,NULL),(680,14,6,'Lawrence',2478.09,'1965-04-14 23:12:44',0,NULL),(681,17,3,'Kirk',2694.94,'1973-08-27 06:17:24',0,NULL),(682,17,6,'Weber',1190.65,'1983-08-16 18:31:24',0,NULL),(683,1,4,'Case',2010.24,'1982-12-11 05:32:19',0,NULL),(684,17,1,'Christian',1583.63,'1967-01-28 07:12:43',0,NULL),(685,27,5,'Rocha',2700.84,'1978-10-30 22:23:19',0,NULL),(686,28,3,'Kemp',2089.97,'1988-01-05 12:42:44',0,NULL),(687,21,3,'Morgan',2078.41,'1967-10-26 21:04:01',0,NULL),(688,26,2,'Austin',1851.19,'1986-03-26 01:34:00',0,NULL),(689,5,2,'Barr',1395.77,'1967-11-22 07:01:03',0,NULL),(690,16,2,'Conner',2144.81,'1967-03-24 06:20:03',0,NULL),(691,17,4,'Decker',1638.98,'1978-05-30 13:26:12',0,NULL),(692,18,6,'Cantu',2770.03,'1967-01-24 06:05:33',0,NULL),(693,27,3,'Cabrera',1598.91,'1987-02-04 07:26:23',0,NULL),(694,15,5,'Avery',3267,'1992-04-06 01:58:39',1,NULL),(695,11,1,'Weber',3686,'1977-07-27 06:59:05',0,NULL),(696,23,6,'Snider',3115.12,'1984-06-29 10:09:49',0,NULL),(697,26,2,'Atkins',1577.81,'1977-09-03 15:40:26',0,NULL),(698,1,5,'French',3329.44,'1964-11-15 16:30:56',0,NULL),(699,18,3,'Osborne',3096.56,'1967-07-09 13:50:03',0,NULL),(700,21,4,'Duke',2118.66,'1987-07-08 15:13:36',0,NULL),(701,19,5,'Byers',2688.19,'1964-02-19 07:54:24',0,NULL),(702,3,3,'Ewing',1524.7,'1974-05-28 04:12:50',0,NULL),(703,12,6,'Compton',2335.5,'1989-06-01 09:41:07',0,NULL),(704,23,6,'Morse',1249.26,'1992-12-01 08:35:55',1,NULL),(705,26,6,'Weber',2840.91,'1958-04-07 15:38:03',0,NULL),(706,8,2,'Beck',2172.66,'1987-03-05 19:56:51',0,NULL),(707,1,3,'Morales',1553.03,'1963-09-30 10:31:31',0,NULL),(708,3,2,'Obrien',1402.61,'1968-05-20 23:02:52',0,NULL),(709,4,1,'Glass',3899,'1990-06-10 19:12:59',0,NULL),(710,11,1,'Huffman',2439,'1966-01-27 16:52:34',0,NULL),(711,7,4,'Meadows',2248.59,'1989-12-05 14:34:04',0,NULL),(712,17,2,'Romero',1201.4,'1979-04-19 15:13:36',0,NULL),(713,1,6,'Larsen',2154.94,'1958-04-01 03:30:42',0,NULL),(714,27,6,'Crane',1608.19,'1967-06-24 23:26:00',0,NULL),(715,28,2,'Lancaster',1650.38,'1981-03-16 16:18:16',0,NULL),(716,16,2,'Harrington',2072.25,'1970-11-25 19:21:46',0,NULL),(717,9,1,'Mckay',2433,'1964-11-06 00:43:38',0,NULL),(718,28,5,'Ramos',1652.06,'1989-06-28 16:20:45',0,NULL),(719,28,6,'Carney',3276.28,'1995-01-03 07:30:51',0,NULL),(720,20,5,'Yang',3308.34,'1956-01-28 04:19:11',0,NULL),(721,15,6,'Hansen',2263.78,'1992-12-23 03:18:36',0,NULL),(722,19,6,'Washington',2451.94,'1981-09-26 01:23:40',0,NULL),(723,10,6,'Moody',2243.53,'1985-11-06 20:49:17',0,NULL),(724,24,1,'Garrett',1749.17,'1963-04-20 06:07:25',0,NULL),(725,23,5,'Robinson',2323.69,'1969-03-05 19:44:22',0,NULL),(726,27,1,'Copeland',1600,'1960-06-04 18:54:01',0,NULL),(727,26,3,'Contreras',2749.78,'1956-09-30 19:31:05',0,NULL),(728,20,6,'Brown',2103.47,'1984-12-30 08:00:56',0,NULL),(729,6,5,'Merritt',2687.34,'1991-06-25 18:58:02',0,NULL),(730,4,2,'Nguyen',3145.5,'1957-12-21 08:06:12',0,NULL),(731,14,6,'Acosta',3211.31,'1959-08-03 12:41:15',1,NULL),(732,5,3,'Blankenship',2091.7,'1985-05-05 21:51:04',1,NULL),(733,19,6,'Franklin',2394.56,'1981-05-19 20:46:57',0,NULL),(734,14,5,'Kline',1156.47,'1965-04-04 10:36:27',0,NULL),(735,25,3,'Bridges',1612.41,'1990-11-10 03:21:04',0,NULL),(736,17,3,'Donovan',1170.14,'1980-05-24 21:31:07',0,NULL),(737,13,2,'Flynn',2743.03,'1986-11-22 08:44:53',0,NULL),(738,17,5,'Coffey',1069.54,'1961-01-14 01:58:55',0,NULL),(739,6,4,'Conrad',3028.22,'1992-11-21 08:53:35',0,NULL),(740,24,6,'Franco',2007.45,'1962-05-12 04:55:35',0,NULL),(741,2,6,'Wagner',2093.03,'1990-05-12 05:36:45',0,NULL),(742,16,4,'Chandler',2992.78,'1993-06-12 23:53:09',0,NULL),(743,7,5,'Salazar',2058.03,'1962-09-07 01:46:02',0,NULL),(744,20,5,'Mcknight',2651.06,'1959-11-03 03:01:31',0,NULL),(745,18,4,'Fuller',2146.5,'1984-04-01 12:24:49',0,NULL),(746,5,6,'Weeks',1828.47,'1987-01-18 01:46:45',0,NULL),(747,8,4,'Ellison',1449.49,'1963-12-11 10:25:09',0,NULL),(748,1,4,'Miranda',3057.75,'1974-07-18 09:17:07',0,NULL),(749,23,2,'Sims',1858.75,'1990-09-30 06:19:05',0,NULL),(750,23,2,'Johnson',2867.91,'1959-01-26 22:27:10',0,NULL),(751,9,3,'Wright',2338.88,'1966-08-09 21:09:49',0,NULL),(752,8,2,'Weaver',3045.09,'1962-07-23 06:26:29',0,NULL),(753,10,1,'Clements',2018,'1963-02-11 06:50:49',0,NULL),(754,23,1,'Wright',1296.54,'1973-06-24 03:36:39',0,NULL),(755,8,6,'Warren',2987.72,'1980-09-04 00:34:45',0,NULL),(756,25,6,'Roach',1480.78,'1957-02-05 01:01:46',0,NULL),(757,8,3,'Jensen',3175.03,'1976-02-29 21:51:43',0,NULL),(758,19,4,'Fernandez',1950.56,'1982-11-15 14:11:02',0,NULL),(759,25,3,'Duncan',2680.59,'1980-12-05 14:34:27',0,NULL),(760,4,2,'Moore',2058.92,'1992-04-23 12:36:14',0,NULL),(761,5,5,'Haynes',1860.7,'1960-09-25 01:23:07',0,NULL),(762,10,4,'Orr',2499.19,'1959-02-03 10:26:22',0,NULL),(763,14,4,'Sargent',2233.41,'1992-07-02 03:52:02',0,NULL),(764,10,5,'Elliott',1233.63,'1976-07-03 21:54:04',0,NULL),(765,25,3,'Evans',1905.19,'1964-07-01 21:35:25',0,NULL),(766,27,6,'Pitts',2229.19,'1984-04-08 20:04:01',0,NULL),(767,22,2,'Mckee',2476.41,'1956-04-27 19:00:48',0,NULL),(768,16,1,'Aguilar',2054,'1993-09-16 08:57:32',0,NULL),(769,18,6,'Nichols',1092,'1980-06-03 01:34:19',0,NULL),(770,15,4,'Castillo',3051.84,'1966-12-24 06:34:47',0,NULL),(771,12,2,'Holder',2369.25,'1963-07-30 19:04:01',0,NULL),(772,20,3,'Britt',1328.37,'1974-09-04 10:51:26',0,NULL),(773,8,6,'Durham',3273.75,'1969-06-12 11:48:46',0,NULL),(774,20,5,'Roth',2047.4,'1983-12-22 16:13:10',0,NULL),(775,15,2,'Holloway',1779.63,'1963-03-28 03:01:13',0,NULL),(776,7,1,'Beck',2973,'1986-12-31 18:28:42',0,NULL),(777,26,1,'Flores',3983,'1989-12-01 00:48:34',0,NULL),(778,23,6,'Steele',1874.38,'1979-11-18 19:56:37',0,NULL),(779,27,4,'Rojas',1266.47,'1980-10-14 14:51:25',0,NULL),(780,23,3,'Britt',1217.03,'1995-11-01 11:28:43',0,NULL),(781,19,4,'Torres',3049.31,'1957-06-27 22:00:12',0,NULL),(782,11,2,'Mcguire',2116.97,'1980-09-19 18:13:26',0,NULL),(783,4,1,'Brewer',2587,'1965-10-16 14:41:55',0,NULL),(784,7,1,'Payne',3158,'1992-07-07 05:31:56',0,NULL),(785,6,6,'Mccray',1654.61,'1956-03-03 13:55:06',0,NULL),(786,22,2,'Jacobs',1481.72,'1977-01-15 09:33:18',0,NULL),(787,16,3,'Day',2001.33,'1973-02-16 12:20:23',0,NULL),(788,16,5,'Calhoun',1857.77,'1983-08-19 19:06:20',0,NULL),(789,21,6,'Reynolds',1068.56,'1995-02-02 02:56:27',0,NULL),(790,23,5,'Cohen',3038.34,'1988-04-22 23:21:15',0,NULL),(791,17,4,'Barlow',2384.44,'1974-06-16 17:13:10',0,NULL),(792,20,3,'Marshall',1821.63,'1992-10-11 05:46:46',0,NULL),(793,21,6,'Hayden',2277.28,'1974-08-31 21:24:27',0,NULL),(794,28,1,'Mathis',1749,'1983-06-19 05:06:08',0,NULL),(795,8,1,'Cortez',3067,'1985-05-24 12:56:48',0,NULL),(796,9,6,'Shelton',993.351,'1986-01-03 22:37:08',0,NULL),(797,24,1,'Ramsey',1742.23,'1992-10-18 01:59:52',0,NULL),(798,21,5,'Britt',2495.81,'1967-08-16 09:44:12',0,NULL),(799,11,2,'Barrera',3345.47,'1957-01-21 11:00:36',0,NULL),(800,12,3,'Dale',2753.16,'1980-03-13 03:28:56',0,NULL),(801,8,2,'Holman',2044.74,'1973-10-06 21:36:09',0,NULL),(802,7,1,'Hooper',2507,'1979-12-26 18:31:25',0,NULL),(803,1,4,'Bell',2845.12,'1974-07-10 14:16:14',0,NULL),(804,14,4,'Leblanc',2664.56,'1971-10-18 08:33:42',0,NULL),(805,5,5,'Mann',3191.06,'1981-08-02 07:47:40',0,NULL),(806,1,5,'Quinn',2720.25,'1956-03-16 22:55:11',0,NULL),(807,26,2,'Middleton',853.875,'1965-12-10 15:44:56',1,NULL),(808,17,1,'Berger',3242,'1995-01-11 09:40:10',0,NULL),(809,1,2,'Robinson',3037.5,'1969-02-22 22:13:13',0,NULL),(810,7,3,'Mcmillan',1255.12,'1984-03-22 09:01:10',0,NULL),(811,26,4,'Obrien',878.344,'1995-11-29 07:45:45',0,NULL),(812,13,3,'Woodard',3085.59,'1968-07-06 09:53:32',0,NULL),(813,7,2,'Gonzalez',3113.44,'1976-10-31 08:10:07',0,NULL),(814,24,1,'Munoz',2616,'1963-12-12 17:05:51',0,NULL),(815,17,6,'Cherry',998.234,'1956-02-07 22:50:06',0,NULL),(816,28,3,'Foley',2852.72,'1956-07-23 18:48:00',0,NULL),(817,16,5,'Rollins',2097.68,'1986-07-17 21:35:01',0,NULL),(818,25,4,'Blair',2759.06,'1968-04-13 12:17:41',0,NULL),(819,24,1,'Hickman',3972,'1980-02-24 22:03:14',0,NULL),(820,27,2,'Charles',1493.44,'1976-07-12 20:16:47',0,NULL),(821,11,2,'Thomas',1727.86,'1976-05-31 07:47:30',0,NULL),(822,7,5,'Sampson',2025,'1959-12-18 06:51:25',0,NULL),(823,7,6,'Church',2887.31,'1991-06-22 19:32:17',0,NULL),(824,18,6,'Haney',3202.88,'1990-05-16 14:38:45',0,NULL),(825,5,6,'Smith',2233.41,'1993-05-03 21:30:22',0,NULL),(826,16,4,'Perez',2008.12,'1992-04-24 18:31:54',0,NULL),(827,25,3,'Pruitt',3131.16,'1956-05-27 19:43:15',0,NULL),(828,1,6,'Meadows',1968.14,'1975-04-26 16:54:15',0,NULL),(829,11,2,'Best',2134.69,'1993-04-24 14:15:56',0,NULL),(830,24,5,'Berry',2405.53,'1960-12-06 11:52:45',0,NULL),(831,11,1,'Gallegos',3656,'1981-06-05 07:34:23',0,NULL),(832,9,5,'Caldwell',1289.3,'1970-10-25 10:47:14',0,NULL),(833,15,5,'Kirby',3031.59,'1986-03-15 17:55:53',0,NULL),(834,15,3,'Sexton',2006.65,'1985-10-17 07:00:57',0,NULL),(835,4,2,'Juarez',2099.54,'1970-09-08 16:40:05',0,NULL),(836,4,1,'Alvarado',3891,'1980-12-21 11:42:32',0,NULL),(837,37,3,'Wolfe',2050.19,'1962-05-14 00:48:55',0,NULL),(838,37,6,'Mills',2456.16,'1966-12-18 23:01:51',0,NULL),(839,19,3,'Small',2543.06,'1984-09-07 05:34:03',0,NULL),(840,51,5,'Rutledge',2767.5,'1970-11-29 05:15:08',0,NULL),(841,29,6,'Wyatt',1242,'1991-05-23 16:57:02',0,NULL),(842,44,6,'Fletcher',2550.66,'1985-02-18 02:28:18',0,NULL),(843,34,3,'Peterson',2474.72,'1963-07-12 15:28:26',0,NULL),(844,32,2,'Wood',1803.09,'1977-12-15 12:18:08',0,NULL),(845,24,4,'Mayo',2032.59,'1961-09-30 18:04:34',0,NULL),(846,24,6,'Buchanan',1620.42,'1982-01-11 13:53:59',0,NULL),(847,44,2,'Fischer',1108.61,'1984-10-07 08:25:40',0,NULL),(848,22,1,'Odonnell',2502,'1956-05-16 12:22:05',0,NULL),(849,42,6,'Valenzuela',2391.19,'1978-06-19 01:03:51',0,NULL),(850,4,3,'Evans',2750.62,'1957-10-29 19:21:39',0,NULL),(851,42,3,'Schultz',2616.47,'1977-08-08 21:51:44',0,NULL),(852,14,5,'Long',2348.16,'1965-07-28 01:45:04',0,NULL),(853,21,4,'Byrd',2197.97,'1972-05-15 01:31:03',0,NULL),(854,30,3,'Hicks',2343.09,'1978-10-17 14:17:04',0,NULL),(855,11,4,'Gray',1589.17,'1985-09-13 18:40:48',0,NULL),(856,10,3,'Schultz',1041.21,'1961-08-02 04:49:04',1,NULL),(857,52,3,'Jennings',2613.94,'1981-01-22 15:01:30',0,NULL),(858,27,2,'Dominguez',1201.5,'1992-06-29 11:59:09',0,NULL),(859,26,2,'Price',2646,'1962-03-22 19:53:39',0,NULL),(860,17,1,'Knight',3472,'1969-01-15 19:04:24',0,NULL),(861,28,5,'Buckner',1290.94,'1981-04-21 00:49:55',0,NULL),(862,38,1,'Witt',1554.69,'1956-10-24 19:04:25',0,NULL),(863,28,2,'Pugh',3292.31,'1968-09-22 05:39:36',0,NULL),(864,10,4,'Spears',2583.56,'1979-07-30 13:51:13',0,NULL),(865,39,6,'Mclaughlin',2954.81,'1974-06-19 20:35:49',0,NULL),(866,26,4,'Galloway',1420.03,'1978-09-13 05:23:06',0,NULL),(867,14,1,'Fletcher',2008.76,'1958-05-02 03:38:40',0,NULL),(868,51,1,'Spencer',2376,'1962-11-26 13:50:31',0,NULL),(869,39,4,'Rasmussen',2807.16,'1966-03-17 05:43:18',0,NULL),(870,52,4,'Massey',1469.03,'1993-08-04 15:40:30',1,NULL),(871,13,1,'Petty',2027.55,'1971-07-08 02:21:40',0,NULL),(872,9,4,'Whitaker',1000.19,'1971-08-13 17:22:52',0,NULL),(873,1,3,'Roman',1212.14,'1956-08-31 20:14:28',0,NULL),(874,10,5,'Hawkins',2557.41,'1977-05-15 00:03:36',0,NULL),(875,12,3,'Page',1930.05,'1985-09-23 06:11:08',0,NULL),(876,35,1,'Buckner',1049,'1979-02-13 11:12:02',0,NULL),(877,13,2,'Chang',1292.24,'1980-01-28 23:06:09',0,NULL),(878,27,4,'Stephens',2028.38,'1970-01-28 08:07:51',0,NULL),(879,6,5,'Wilkerson',1140.84,'1985-06-20 07:19:51',1,NULL),(880,35,2,'Rutledge',1987.03,'1959-03-28 01:54:40',0,NULL),(881,36,6,'Paul',2875.5,'1973-08-20 14:13:59',1,NULL),(882,18,3,'Palmer',1318.61,'1994-03-16 23:26:04',0,NULL),(883,53,1,'Petty',2038.05,'1974-03-25 21:48:33',0,NULL),(884,20,3,'Graves',2500.88,'1983-09-21 04:55:57',1,NULL),(885,5,5,'Sharp',1329.35,'1995-02-01 18:39:31',0,NULL),(886,48,2,'Hester',1301.03,'1979-01-16 09:41:43',0,NULL),(887,11,1,'Lynch',3188,'1957-02-06 13:04:33',0,NULL),(888,38,4,'Schneider',2072.66,'1985-06-15 03:45:21',0,NULL),(889,7,1,'Page',3968,'1958-08-14 17:41:10',0,NULL),(890,51,5,'French',2927.81,'1986-05-20 03:54:53',0,NULL),(891,39,5,'Fuller',1096.89,'1974-08-31 13:09:46',1,NULL),(892,8,3,'Barnes',2097.68,'1965-04-13 09:58:48',0,NULL),(893,41,3,'Davenport',3223.12,'1992-03-29 20:28:58',0,NULL),(894,31,4,'Guzman',967.781,'1968-07-31 12:51:17',0,NULL),(895,24,2,'Reeves',1178.93,'1967-09-30 04:08:21',0,NULL),(896,50,2,'Hensley',2981.81,'1988-07-19 22:36:13',0,NULL),(897,17,4,'Pacheco',3083.06,'1978-01-10 11:42:46',0,NULL),(898,34,6,'Marks',2214.84,'1969-05-04 13:17:49',0,NULL),(899,45,4,'England',2371.78,'1992-05-08 16:33:02',0,NULL),(900,5,4,'Cooley',2423.25,'1977-08-06 12:00:10',0,NULL),(901,4,2,'Albert',3049.31,'1964-12-28 12:01:46',0,NULL),(902,47,2,'Burch',1164.28,'1964-09-28 01:21:16',0,NULL),(903,22,4,'Norton',3142.97,'1972-11-26 05:10:44',0,NULL),(904,52,6,'Mcneil',1167.21,'1986-10-10 05:52:52',0,NULL),(905,48,6,'Graham',1825.54,'1975-12-23 04:54:36',0,NULL),(906,49,1,'Stephenson',2026.5,'1974-04-16 01:59:02',0,NULL),(907,49,2,'Pruitt',1143.77,'1956-10-15 03:36:27',0,NULL),(908,33,4,'Stein',1427.62,'1972-08-06 04:54:13',0,NULL),(909,25,6,'Britt',2056.22,'1967-11-21 01:38:01',0,NULL),(910,35,2,'Burks',2300.06,'1968-11-28 18:41:51',1,NULL),(911,10,2,'Holloway',2699.16,'1960-10-04 09:49:11',0,NULL),(912,9,2,'Paul',1589.17,'1983-05-11 07:46:34',0,NULL),(913,23,1,'Holder',2145,'1984-01-16 18:31:11',0,NULL),(914,48,4,'Barrett',2192.06,'1989-12-29 03:18:54',0,NULL),(915,10,4,'Lewis',1856.79,'1982-07-23 12:55:44',0,NULL),(916,6,6,'Hurley',2557.41,'1971-05-03 20:11:11',0,NULL),(917,15,3,'Wolfe',1491.49,'1995-02-24 16:47:46',0,NULL),(918,40,1,'Obrien',2848,'1974-02-06 02:57:51',0,NULL),(919,41,5,'Perkins',2732.06,'1993-03-16 02:04:06',1,NULL),(920,16,6,'Vaughn',2297.53,'1965-07-11 13:54:23',0,NULL),(921,34,6,'Howe',2282.34,'1959-02-10 21:59:42',0,NULL),(922,17,1,'Larsen',3396,'1968-11-27 04:57:43',0,NULL),(923,52,3,'Stout',1491.49,'1964-10-06 08:23:34',0,NULL),(924,8,3,'Jefferson',2357.44,'1957-12-15 00:54:11',0,NULL),(925,34,1,'Petersen',1339,'1962-04-08 19:03:35',0,NULL),(926,14,2,'Cline',2775.94,'1984-03-01 14:05:26',0,NULL),(927,49,5,'Frye',1062.7,'1978-07-16 06:38:09',0,NULL),(928,36,6,'Murray',2687.34,'1995-05-15 19:33:51',0,NULL),(929,55,3,'Lang',1633.12,'1987-07-03 16:47:21',1,NULL),(930,12,4,'Pugh',3089.81,'1989-05-13 06:30:49',0,NULL),(931,21,3,'Trujillo',1337.17,'1978-06-14 16:33:44',1,NULL),(932,35,1,'Morin',3734,'1981-01-01 09:19:41',0,NULL),(933,42,4,'Puckett',2587.78,'1964-09-06 12:37:21',0,NULL),(934,2,6,'Henry',3215.53,'1969-03-18 14:26:43',0,NULL),(935,23,3,'Foster',2694.09,'1966-08-17 04:32:20',0,NULL),(936,45,5,'Whitney',2911.78,'1958-09-10 00:43:59',0,NULL),(937,24,3,'Mullins',2070.44,'1991-02-27 03:07:43',0,NULL),(938,25,2,'Martin',2245.22,'1982-04-09 07:31:27',0,NULL),(939,27,6,'Farley',2977.59,'1970-03-27 10:15:27',0,NULL),(940,13,2,'Schwartz',2882.25,'1995-12-18 22:54:10',0,NULL),(941,8,1,'Wiley',3415,'1993-05-02 02:43:17',0,NULL),(942,17,6,'Byrd',3249.28,'1987-09-18 07:10:52',0,NULL),(943,12,5,'Solomon',1873.4,'1989-11-27 10:21:50',0,NULL),(944,32,3,'Mcgowan',1037.81,'1964-02-15 16:23:21',0,NULL),(945,39,1,'Goodman',3731,'1988-02-18 13:01:05',0,NULL),(946,34,6,'Johns',888.469,'1956-08-06 02:46:39',0,NULL),(947,40,2,'Knox',1001.16,'1971-01-01 14:09:17',0,NULL),(948,38,5,'Barker',2005.59,'1959-10-01 03:25:43',0,NULL),(949,35,2,'Elliott',3360.66,'1972-03-02 20:23:48',0,NULL),(950,31,5,'Murphy',1941.47,'1980-11-17 03:53:50',0,NULL),(951,13,2,'Fisher',2494.12,'1992-05-05 09:15:51',0,NULL),(952,24,1,'Fowler',3512,'1995-05-19 14:35:39',0,NULL),(953,50,1,'White',3071,'1974-11-28 11:33:38',1,NULL),(954,31,4,'Ballard',950.062,'1993-03-24 06:49:57',0,NULL),(955,50,2,'Slater',2517.75,'1972-09-26 18:21:55',0,NULL),(956,16,4,'Gonzalez',1758.14,'1975-08-11 14:12:12',0,NULL),(957,10,1,'Higgins',2070.5,'1987-05-31 23:19:51',0,NULL),(958,30,6,'Shepard',2163.38,'1967-02-27 21:06:21',1,NULL),(959,12,3,'Trujillo',2297.53,'1961-02-28 11:39:09',0,NULL),(960,46,4,'Sears',3050.16,'1969-06-08 19:31:40',0,NULL),(961,4,3,'Horn',2286.56,'1976-03-15 22:32:49',0,NULL),(962,31,4,'Ross',2929.5,'1970-04-12 20:15:49',0,NULL),(963,46,2,'Cummings',3040.03,'1985-02-03 18:16:10',0,NULL),(964,12,3,'Gilbert',1183.82,'1981-02-06 05:15:30',0,NULL),(965,12,4,'Stanley',2017.41,'1995-12-17 07:32:58',0,NULL),(966,26,6,'Ingram',1117.97,'1976-01-17 05:32:14',0,NULL),(967,29,6,'Rich',2642.62,'1979-06-19 08:40:39',0,NULL),(968,8,1,'Vaughan',2150,'1973-11-13 21:18:00',0,NULL),(969,44,6,'Williamson',2742.19,'1972-06-17 08:53:29',0,NULL),(970,30,6,'Sparks',2926.97,'1977-07-01 08:14:52',0,NULL),(971,3,5,'Mooney',1600.89,'1994-08-02 06:33:41',1,NULL),(972,40,5,'King',2062.97,'1979-11-28 06:46:16',0,NULL),(973,27,4,'Wiley',1276.59,'1973-08-06 06:56:56',0,NULL),(974,35,5,'Crosby',1469.81,'1991-04-01 03:27:03',0,NULL),(975,44,6,'Park',1688.79,'1989-11-26 15:15:55',1,NULL),(976,37,4,'York',1330.33,'1990-02-01 16:31:37',0,NULL),(977,34,1,'Carrillo',1919,'1988-11-16 20:46:47',0,NULL),(978,2,2,'Rasmussen',2774.25,'1970-10-25 04:30:30',0,NULL),(979,39,6,'Orr',1516.89,'1971-05-19 08:19:24',0,NULL),(980,49,2,'Fuller',3265.31,'1992-06-10 16:42:28',0,NULL),(981,6,5,'Travis',2230.03,'1982-08-06 10:33:06',0,NULL),(982,20,2,'Mason',1407.49,'1980-01-13 21:58:08',0,NULL),(983,38,3,'Trevino',3181.78,'1961-09-25 20:39:07',0,NULL),(984,26,5,'Doyle',1052.16,'1957-12-12 20:44:50',0,NULL),(985,30,6,'Hartman',2378.53,'1986-01-12 20:46:52',0,NULL),(986,13,1,'Decker',3047,'1962-02-27 00:22:10',0,NULL),(987,41,4,'Franco',2873.81,'1991-12-14 11:56:16',0,NULL),(988,50,2,'Hodges',1774.75,'1970-06-16 23:08:42',0,NULL),(989,28,3,'Gates',906.188,'1984-05-02 19:14:40',0,NULL),(990,48,5,'Byrd',1074.42,'1960-11-26 20:11:26',0,NULL),(991,29,6,'Morgan',1252.97,'1962-03-17 10:16:00',0,NULL),(992,46,2,'Mullins',1833.35,'1982-01-07 18:00:01',0,NULL),(993,28,3,'Morrow',2388.66,'1993-04-11 22:52:59',0,NULL),(994,17,3,'Small',3373.31,'1966-11-08 21:51:56',0,NULL),(995,36,4,'Miller',2060.44,'1971-11-27 20:56:20',0,NULL),(996,53,1,'Cooke',2780,'1990-01-08 14:10:19',0,NULL),(997,1,1,'Lancaster',3467,'1958-09-16 20:48:59',0,NULL),(998,53,5,'Rosa',2541.38,'1969-09-18 08:36:28',0,NULL),(999,30,2,'Franklin',2303.44,'1981-08-18 13:10:00',0,NULL),(1000,24,3,'Bush',1012.89,'1974-12-01 17:46:39',0,NULL),(1001,9,6,'Keith',2955.66,'1986-10-06 03:45:23',0,NULL),(1002,1,5,'Byers',3045.94,'1986-12-16 19:35:27',0,NULL),(1003,20,6,'Holcomb',2079.07,'1967-08-02 01:26:37',0,NULL),(1004,12,3,'Brooks',2235.94,'1991-05-03 20:42:48',0,NULL),(1005,9,2,'Bennett',1200.42,'1961-09-17 03:08:34',0,NULL),(1006,31,4,'Johns',2368.41,'1990-09-21 23:54:49',0,NULL),(1007,24,1,'Burch',1444.72,'1960-02-18 18:59:53',0,NULL),(1008,13,4,'Montoya',1219.96,'1992-11-06 20:39:05',0,NULL),(1009,45,1,'Mcguire',1159.94,'1963-08-19 21:50:53',0,NULL),(1010,12,6,'Baldwin',1145.72,'1984-11-12 19:18:38',0,NULL),(1011,40,3,'Gonzales',2305.97,'1985-06-12 01:10:27',0,NULL),(1012,46,3,'Morin',1093.96,'1965-09-05 21:24:44',0,NULL),(1013,23,1,'Patton',3743,'1989-09-13 08:56:13',0,NULL),(1014,38,4,'Gaines',2588.62,'1958-05-18 10:22:10',1,NULL),(1015,13,4,'Lara',1767.91,'1958-09-26 04:19:13',0,NULL),(1016,3,3,'Hoover',1004.09,'1990-02-08 23:48:54',0,NULL),(1017,19,1,'Dunlap',3374,'1962-04-06 20:33:39',0,NULL),(1018,26,4,'Farley',3325.22,'1959-10-10 21:11:39',0,NULL),(1019,22,1,'Wallace',2598,'1995-10-20 22:27:42',0,NULL),(1020,7,1,'Joyce',3980,'1987-06-04 19:47:39',0,NULL),(1021,29,4,'Whitney',2423.25,'1992-06-29 14:39:37',0,NULL),(1022,1,4,'Weiss',1443.63,'1991-09-30 09:48:25',0,NULL),(1023,16,6,'Waters',1986.7,'1976-04-09 05:20:23',0,NULL),(1024,45,2,'Medina',2615.62,'1983-02-20 11:07:58',1,NULL),(1025,35,6,'Molina',2524.5,'1982-09-22 18:12:01',0,NULL),(1026,44,4,'Hampton',3306.66,'1958-07-19 18:37:59',0,NULL),(1027,50,5,'Morse',1932.98,'1994-02-07 09:56:45',0,NULL),(1028,27,6,'Reese',2932.88,'1975-10-27 01:31:01',0,NULL),(1029,40,6,'Levine',1990.61,'1986-09-02 14:41:03',0,NULL),(1030,34,2,'Byrd',1679.91,'1986-05-04 23:10:51',0,NULL),(1031,45,3,'Landry',2132.16,'1973-03-03 23:06:19',0,NULL),(1032,18,5,'Hoover',1092,'1988-05-09 15:24:44',0,NULL),(1033,35,6,'Workman',3218.91,'1986-07-20 15:07:50',0,NULL),(1034,4,1,'Ward',3567,'1985-10-29 01:26:02',0,NULL),(1035,10,1,'Weber',2249,'1966-10-22 17:08:29',0,NULL),(1036,36,2,'Shannon',1533.94,'1991-01-26 11:23:50',0,NULL),(1037,34,6,'Stewart',3223.12,'1977-07-04 23:50:55',0,NULL),(1038,37,3,'Warren',978.7,'1983-02-26 13:22:33',0,NULL),(1039,42,6,'Ryan',1855.82,'1963-11-05 14:48:59',0,NULL),(1040,46,3,'Thomas',2892.38,'1986-07-09 12:46:44',0,NULL),(1041,40,1,'Norton',2001.04,'1994-11-04 01:05:40',0,NULL),(1042,30,3,'Casey',2322.84,'1980-10-25 23:16:36',0,NULL),(1043,31,5,'Farmer',2829.94,'1988-07-01 19:28:54',1,NULL),(1044,44,4,'Velasquez',2032.61,'1983-11-29 11:30:26',0,NULL),(1045,56,6,'Acevedo',1229.72,'1972-05-19 22:15:48',0,NULL),(1046,49,2,'Merritt',1853.86,'1988-11-06 10:54:31',0,NULL),(1047,33,3,'Finch',3194.44,'1956-10-07 01:45:00',0,NULL),(1048,45,3,'Hinton',1345.96,'1991-07-21 07:43:29',0,NULL),(1049,55,6,'Walters',1315.68,'1983-07-17 15:58:58',0,NULL),(1050,42,3,'Fischer',2091.66,'1970-07-22 19:01:17',0,NULL),(1051,38,2,'Anderson',1467.07,'1959-02-05 04:13:54',0,NULL),(1052,51,1,'Grimes',1249.08,'1969-08-20 08:04:17',0,NULL),(1053,30,5,'Pollard',922.219,'1983-09-07 05:56:09',0,NULL),(1054,34,5,'Hood',2184.47,'1962-02-06 18:19:15',0,NULL),(1055,53,3,'Carr',2085.35,'1960-01-02 09:44:06',1,NULL),(1056,54,2,'Gutierrez',1771.82,'1964-11-17 23:37:50',0,NULL),(1057,34,3,'Sutton',1822.5,'1963-08-09 12:01:37',1,NULL),(1058,38,2,'Cline',2520.28,'1964-11-15 21:14:52',0,NULL),(1059,33,3,'Cruz',2715.19,'1974-02-05 08:13:21',0,NULL),(1060,31,1,'Hardin',2137,'1974-09-02 22:04:59',0,NULL),(1061,46,6,'Bird',2619,'1990-04-22 22:10:34',0,NULL),(1062,31,6,'Keith',1797.19,'1992-04-16 04:07:52',0,NULL),(1063,48,2,'Flowers',2837.53,'1980-01-09 20:37:40',0,NULL),(1064,48,6,'Rollins',3236.62,'1977-04-15 21:54:09',0,NULL),(1065,51,4,'Dickerson',3160.69,'1973-08-14 14:27:27',0,NULL),(1066,55,3,'Stark',2298.38,'1993-09-15 18:35:38',0,NULL),(1067,46,5,'Shaw',2096.13,'1982-09-28 00:48:28',0,NULL),(1068,38,2,'Dale',3022.31,'1970-04-26 10:26:16',0,NULL),(1069,44,2,'Dillon',2061.58,'1960-02-28 05:39:39',0,NULL),(1070,37,2,'Sellers',2332.12,'1957-03-18 01:26:25',0,NULL),(1071,33,4,'Snyder',1465.59,'1961-07-28 17:47:01',1,NULL),(1072,30,1,'Pruitt',1265,'1957-08-20 03:11:27',0,NULL),(1073,31,5,'Kennedy',1667.25,'1964-11-03 04:44:47',0,NULL),(1074,32,5,'Riggs',1436.06,'1974-12-28 03:54:38',0,NULL),(1075,46,3,'Hoover',1105.68,'1966-09-15 01:18:25',1,NULL),(1076,29,3,'Day',1028.53,'1990-07-14 06:42:33',1,NULL),(1077,49,2,'Vincent',1399.68,'1981-03-26 04:27:43',0,NULL),(1078,49,5,'Hendricks',1882.19,'1985-07-02 01:21:29',1,NULL),(1079,48,4,'Herring',1523.72,'1965-01-03 05:46:14',1,NULL),(1080,56,3,'Strickland',2200.5,'1977-09-21 14:22:27',1,NULL),(1081,34,5,'English',1926.28,'1985-07-09 02:10:15',0,NULL),(1082,31,4,'Dunn',2090.81,'1958-11-18 01:44:38',0,NULL),(1083,44,6,'Travis',2861.16,'1992-07-13 12:38:28',0,NULL),(1084,51,3,'Goff',1387.96,'1959-03-05 17:52:06',0,NULL),(1085,51,3,'Gay',1792.33,'1990-11-14 04:16:30',1,NULL),(1086,44,4,'Cobb',2225.81,'1989-02-11 17:58:31',0,NULL),(1087,47,6,'Farmer',3006.28,'1988-09-22 00:06:35',0,NULL),(1088,56,5,'Waller',1166.23,'1989-09-18 03:26:32',0,NULL),(1089,54,1,'Delaney',2001.04,'1994-11-22 15:01:12',0,NULL),(1090,33,4,'Maynard',1805.62,'1988-10-17 01:19:15',0,NULL),(1091,41,6,'Herrera',1310.79,'1980-09-26 04:57:40',0,NULL),(1092,48,5,'Thompson',2008.38,'1970-06-24 21:36:30',0,NULL),(1093,47,6,'Allen',2025.25,'1988-12-05 08:38:58',0,NULL),(1094,29,3,'Cleveland',3281.34,'1979-03-27 06:56:05',0,NULL),(1095,29,5,'Sawyer',2595.38,'1959-06-12 21:53:43',0,NULL),(1096,44,3,'Pennington',2542.22,'1977-09-14 18:31:50',0,NULL),(1097,43,3,'Frost',3147.19,'1971-11-13 17:43:54',0,NULL),(1098,49,2,'Ward',978.7,'1990-09-11 06:54:01',0,NULL),(1099,42,5,'Shepherd',3134.53,'1975-06-16 08:25:24',0,NULL),(1100,32,3,'Beach',1369.41,'1980-12-07 21:21:37',0,NULL),(1101,49,6,'Wilkerson',2263.78,'1989-10-17 20:37:57',0,NULL),(1102,31,5,'Bailey',1619.16,'1956-04-06 03:57:42',0,NULL),(1103,43,4,'Peterson',3013.03,'1971-10-10 09:00:37',0,NULL),(1104,38,4,'Alford',1682.93,'1978-08-07 14:35:36',0,NULL),(1105,52,1,'Skinner',3849,'1980-11-15 19:46:19',0,NULL),(1106,29,6,'Alvarado',1699.31,'1977-08-18 17:10:39',0,NULL),(1107,37,2,'Hunt',2705.06,'1961-01-05 20:06:42',1,NULL),(1108,48,1,'Everett',3430,'1963-04-06 18:22:11',0,NULL),(1109,40,1,'Logan',2151,'1963-10-28 20:27:54',0,NULL),(1110,32,6,'Villarreal',2706.75,'1992-09-16 21:12:35',1,NULL),(1111,41,1,'Clay',2866,'1987-03-02 17:05:13',0,NULL),(1112,35,5,'Howe',1799.72,'1986-12-20 22:53:19',0,NULL),(1113,56,2,'Mccullough',2446.88,'1979-10-17 17:14:34',0,NULL),(1114,53,4,'Hurley',2075.35,'1974-08-22 21:44:01',0,NULL),(1115,37,2,'Hess',3108.38,'1973-10-11 16:36:04',0,NULL),(1116,43,1,'Francis',3916,'1964-01-29 23:26:40',1,NULL),(1117,40,6,'Cline',1180.89,'1982-07-31 13:12:37',1,NULL),(1118,53,2,'Vargas',2012.85,'1981-08-14 16:50:27',0,NULL),(1119,41,5,'Guthrie',1509.07,'1983-05-22 20:13:06',0,NULL),(1120,47,6,'Grimes',989.444,'1981-12-06 00:00:54',0,NULL),(1121,54,2,'Strickland',1097.86,'1984-10-26 07:43:31',1,NULL),(1122,35,5,'Barton',2473.88,'1959-07-02 20:30:02',0,NULL),(1123,42,4,'Melton',1786.47,'1978-07-11 07:33:21',1,NULL),(1124,47,5,'Casey',2534.62,'1994-03-15 02:31:43',1,NULL),(1125,41,5,'Salas',2497.5,'1958-08-10 02:54:23',0,NULL),(1126,52,1,'Mcdonald',3428,'1973-05-13 13:26:32',0,NULL),(1127,56,6,'Lester',1065.63,'1987-05-28 04:17:50',0,NULL),(1128,32,3,'Holman',1191.38,'1978-07-08 01:07:33',0,NULL),(1129,54,2,'Hartman',1221.91,'1986-05-13 23:53:34',0,NULL),(1130,55,5,'Weeks',1236.56,'1971-11-12 01:14:35',0,NULL),(1131,55,2,'Todd',2327.91,'1983-08-07 11:22:36',0,NULL),(1132,34,4,'Sandoval',1344.09,'1965-01-30 05:18:00',0,NULL),(1133,30,1,'Ochoa',1095,'1991-11-30 12:16:35',0,NULL),(1134,49,4,'Gray',1933.96,'1989-05-04 15:23:06',0,NULL),(1135,53,2,'Key',2385.28,'1979-03-03 03:07:15',0,NULL),(1136,30,3,'Pratt',3202.88,'1993-12-05 07:03:01',0,NULL),(1140,19,6,'Wilson',1352.11,'1990-12-04 08:07:02',0,NULL),(1142,19,6,'Wilson',1352.11,'1990-12-04 08:07:02',0,NULL),(1143,26,2,'Montoya',854,'1967-12-16 08:13:37',0,NULL),(1144,11,5,'Jennings',1328.95,'1974-06-23 03:12:01',0,NULL),(1145,55,2,'Walsh',1382.2,'1991-06-12 15:27:48',0,NULL),(1146,3,2,'Pope',715.412,'1959-11-08 18:38:58',0,NULL),(1147,6,3,'Landry',1491.02,'1967-09-12 16:18:48',0,NULL),(1148,36,6,'Webster',576,'1965-06-26 13:21:45',0,NULL),(1149,2,2,'Hayes',1311.59,'1995-03-14 16:04:44',0,NULL),(1150,47,6,'Keith',1051.12,'1961-09-30 16:01:18',0,NULL),(1151,4,1,'Bonner',670.265,'1969-12-17 12:06:16',0,NULL),(1152,8,5,'Moreno',1210.88,'1989-01-04 17:04:17',0,NULL),(1153,5,1,'Tran',588.073,'1995-05-26 16:31:52',0,NULL),(1154,40,1,'Brady',1411.14,'1978-12-23 08:48:27',0,NULL),(1155,7,4,'Alexander',1514.17,'1956-09-14 20:51:06',0,NULL),(1156,38,6,'Hines',1568.58,'1994-10-25 05:33:03',0,NULL),(1157,40,4,'Mclaughlin',663.319,'1958-04-26 00:32:27',0,NULL),(1158,6,2,'Barlow',1045.34,'1984-07-07 04:48:07',0,NULL),(1159,41,3,'Alvarado',1363.68,'1993-11-27 20:07:51',0,NULL),(1160,18,3,'Harper',1729.49,'1984-11-08 11:13:27',0,NULL),(1161,4,5,'Melendez',1473.66,'1979-11-29 02:21:49',0,NULL),(1162,10,2,'Lawrence',1434.3,'1959-12-29 01:15:26',0,NULL),(1163,26,3,'Bowen',1301,'1988-12-25 08:11:32',0,NULL),(1164,19,4,'Alvarez',1110.16,'1995-08-01 00:31:31',0,NULL),(1165,21,6,'Cook',1168.04,'1978-05-22 00:45:22',0,NULL),(1166,22,5,'Hamilton',1352.11,'1994-11-11 12:54:47',0,NULL),(1167,13,6,'Roman',1319.69,'1983-05-24 11:44:35',0,NULL),(1168,33,4,'Sloan',1359,'1967-08-22 20:07:06',0,NULL),(1169,52,5,'Barry',1730.65,'1998-06-15 08:01:25',0,NULL),(1170,4,2,'Riggs',764.033,'1999-08-28 02:40:54',0,NULL),(1171,5,2,'Blair',1544.27,'1966-12-13 13:13:07',0,NULL),(1172,14,6,'Craig',1363.68,'1972-09-02 04:14:48',0,NULL),(1173,46,3,'Lindsey',1005.98,'1998-06-06 03:48:16',0,NULL),(1174,35,4,'Dillon',1108,'1968-02-07 02:45:18',0,NULL),(1175,50,6,'Holmes',688.787,'1998-05-23 03:31:49',0,NULL),(1176,41,6,'Rosa',731.619,'1994-02-27 23:14:32',0,NULL),(1177,1,2,'Nichols',1450.5,'1962-07-03 00:16:23',0,NULL),(1178,7,1,'Elliott',1399.57,'1995-12-10 09:41:08',0,NULL),(1179,54,2,'Hayden',1415.78,'1971-05-26 08:35:30',0,NULL),(1180,17,4,'Aguilar',1392.62,'1974-05-20 06:24:55',0,NULL),(1181,56,4,'Mann',867.061,'1990-08-17 01:40:28',0,NULL),(1182,19,6,'Hogan',1486.39,'1973-07-21 01:56:27',0,NULL),(1183,31,5,'Barrett',976,'1957-05-02 00:22:00',0,NULL),(1184,21,3,'Mccullough',1212.03,'1987-08-17 13:37:40',0,NULL),(1185,26,4,'Harding',1013,'1975-10-01 10:05:02',0,NULL),(1186,43,1,'Castillo',640.167,'1968-07-02 07:14:36',0,NULL),(1187,34,6,'Tran',587,'1963-04-17 12:03:07',0,NULL),(1188,25,3,'Brewer',652,'1975-05-07 10:41:26',0,NULL),(1189,10,6,'Bush',1355.58,'1995-08-01 18:37:00',0,NULL),(1190,45,3,'Jones',1383.36,'1977-11-07 11:32:59',0,NULL),(1191,6,2,'Acosta',790.658,'1959-03-28 03:07:44',0,NULL),(1192,41,6,'Riggs',1283.81,'1970-02-12 10:08:57',0,NULL),(1193,56,4,'Chapman',628.59,'1988-01-20 02:26:18',0,NULL),(1194,2,6,'Ray',1414.62,'1974-03-07 02:54:21',0,NULL),(1195,12,2,'Estes',1016.39,'1991-10-08 15:34:40',0,NULL),(1196,18,4,'Cooke',1300.01,'1962-10-07 14:56:24',0,NULL),(1197,28,6,'Mann',674,'1989-11-04 11:28:34',0,NULL),(1198,10,2,'Martinez',1265.28,'1962-03-14 05:47:26',0,NULL),(1199,46,2,'Atkinson',1087.01,'1974-08-07 07:39:17',0,NULL),(1200,52,3,'Moreno',836.963,'1991-10-18 06:59:16',0,NULL),(1201,32,6,'Harvey',702,'1986-12-14 18:11:19',0,NULL),(1202,10,5,'Bowers',654.058,'1990-12-17 18:03:05',0,NULL),(1203,4,3,'Leon',1362.52,'1981-08-28 18:44:07',0,NULL),(1204,36,3,'Lester',909,'1963-11-20 03:26:07',0,NULL),(1205,52,4,'Klein',1569.74,'1957-02-16 15:32:05',0,NULL),(1206,9,4,'Henry',1360.21,'1960-04-17 04:27:11',0,NULL),(1207,5,4,'Mcpherson',1642.67,'1982-12-10 04:05:07',0,NULL),(1208,3,3,'Buck',745.51,'1986-11-11 01:49:33',0,NULL),(1209,32,1,'Hoover',1226,'1997-09-07 19:55:55',0,NULL),(1210,46,4,'Mcguire',1036.07,'1961-12-24 14:45:29',0,NULL),(1211,29,4,'Mason',623,'1991-10-25 17:59:48',0,NULL),(1212,5,4,'Randall',1576.69,'1957-01-23 07:30:24',0,NULL),(1213,17,3,'Mcknight',1369.47,'1976-06-09 14:49:05',0,NULL),(1214,35,2,'Kirby',1228,'1957-05-23 05:49:13',0,NULL),(1215,41,2,'Valencia',1529.22,'1990-08-29 19:02:19',0,NULL),(1216,21,5,'England',919.154,'1979-04-13 21:08:41',0,NULL),(1217,34,2,'Workman',1427,'1989-07-05 20:22:12',0,NULL),(1218,13,4,'Rojas',1422.72,'1971-05-24 09:46:51',0,NULL),(1219,7,3,'Pugh',1024.5,'1960-12-09 04:33:35',0,NULL),(1220,33,1,'Graves',813,'1969-03-16 20:17:57',0,NULL),(1221,41,4,'Moran',1543.11,'1970-12-02 01:48:33',0,NULL),(1222,56,3,'Macias',1519.96,'1995-09-16 07:38:51',0,NULL),(1223,23,1,'Montgomery',1243.29,'1959-09-26 22:53:28',0,NULL),(1224,36,6,'Kemp',1417,'1970-02-05 13:21:23',0,NULL),(1225,39,5,'Tyler',1273.39,'1998-12-27 00:38:06',0,NULL),(1226,53,6,'Lowe',1598.68,'1969-05-19 02:23:44',0,NULL),(1227,54,5,'Valdez',1383.36,'1985-04-16 07:53:10',0,NULL),(1228,31,3,'Mathews',1263,'1985-09-14 16:05:19',0,NULL),(1229,29,4,'Hahn',817,'1977-06-23 05:31:55',0,NULL),(1230,27,6,'Blackburn',746,'1963-01-04 16:09:21',0,NULL),(1231,7,4,'Owens',1642.67,'1987-05-06 15:05:35',0,NULL),(1232,22,6,'Monroe',855.485,'1993-11-14 01:22:18',0,NULL),(1233,55,4,'Pickett',854.327,'1957-08-04 22:57:32',0,NULL),(1234,30,6,'Nguyen',1032,'1956-01-21 05:04:27',0,NULL),(1235,19,4,'Knowles',968.889,'1994-06-27 21:18:34',0,NULL),(1236,8,2,'Sampson',1335.9,'1990-09-09 02:41:59',0,NULL),(1237,6,1,'Garrison',1557.01,'1973-02-21 21:33:50',0,NULL),(1238,23,2,'Trevino',1463.24,'1964-01-06 20:10:29',0,NULL),(1239,46,4,'Robles',713.097,'1974-09-14 21:25:33',0,NULL),(1240,35,5,'Lewis',1320,'1976-02-26 08:18:47',0,NULL),(1242,2,5,'Pace',1362.52,'1993-09-01 04:51:05',0,NULL),(1243,7,2,'Montoya',988.612,'1967-12-16 08:13:37',0,NULL),(1244,15,2,'Montoya',988.612,'1967-12-16 08:13:37',0,NULL),(1272,56,6,'yu',325,'1990-12-12 11:12:12',1,'ty');

/*!40000 ALTER TABLE `empleados` ENABLE KEYS */;

UNLOCK TABLES;

/*!50003 SET @saved_cs_client      = @@character_set_client */ ;

/*!50003 SET @saved_cs_results     = @@character_set_results */ ;

/*!50003 SET @saved_col_connection = @@collation_connection */ ;

/*!50003 SET character_set_client  = utf8 */ ;

/*!50003 SET character_set_results = utf8 */ ;

/*!50003 SET collation_connection  = utf8_general_ci */ ;

/*!50003 SET @saved_sql_mode       = @@sql_mode */ ;

/*!50003 SET sql_mode              = 'STRICT_TRANS_TABLES,NO_ENGINE_SUBSTITUTION' */ ;

DELIMITER ;;

/*!50003 CREATE*/ /*!50017 DEFINER=`root`@`localhost`*/ /*!50003 TRIGGER Disp_aumentoPersonal

 AFTER INSERT ON empleados

 FOR EACH ROW 

 UPDATE  ubicaciones SET num_empleados = (						

											SELECT COUNT(empleados.id)

											FROM empleados,departamentos,(SELECT * FROM ubicaciones ) as alias

											WHERE empleados.idDepartamento=departamentos.id

											AND departamentos.idUbicaciones=alias.id 

											AND alias.nombre LIKE ( 

																	  SELECT alias.nombre

																	  FROM empleados,departamentos,(SELECT * FROM ubicaciones ) as alias

																	  WHERE empleados.idDepartamento=departamentos.id

																	  AND departamentos.idUbicaciones=alias.id

																	  AND empleados.idDepartamento = NEW.idDepartamento

																	  GROUP BY alias.nombre

																	  )

											) 

	WHERE ubicaciones.nombre LIKE ( 

									SELECT alias.nombre

									FROM empleados,departamentos,(SELECT * FROM ubicaciones ) as alias

									WHERE empleados.idDepartamento=departamentos.id

									AND departamentos.idUbicaciones=alias.id

									AND empleados.idDepartamento = NEW.idDepartamento

									GROUP BY alias.nombre

									) */;;

DELIMITER ;

/*!50003 SET sql_mode              = @saved_sql_mode */ ;

/*!50003 SET character_set_client  = @saved_cs_client */ ;

/*!50003 SET character_set_results = @saved_cs_results */ ;

/*!50003 SET collation_connection  = @saved_col_connection */ ;



--

-- Temporary table structure for view `empleados_rrhh_acra`

--



DROP TABLE IF EXISTS `empleados_rrhh_acra`;

/*!50001 DROP VIEW IF EXISTS `empleados_rrhh_acra`*/;

SET @saved_cs_client     = @@character_set_client;

SET character_set_client = utf8;

/*!50001 CREATE VIEW `empleados_rrhh_acra` AS SELECT 

 1 AS `Nombre`,

 1 AS `Apellido`,

 1 AS `Departamento`,

 1 AS `Ubicaciones`*/;

SET character_set_client = @saved_cs_client;



--

-- Temporary table structure for view `empleados_rrhh_barcelona`

--



DROP TABLE IF EXISTS `empleados_rrhh_barcelona`;

/*!50001 DROP VIEW IF EXISTS `empleados_rrhh_barcelona`*/;

SET @saved_cs_client     = @@character_set_client;

SET character_set_client = utf8;

/*!50001 CREATE VIEW `empleados_rrhh_barcelona` AS SELECT 

 1 AS `id`,

 1 AS `nombre`,

 1 AS `apellido`,

 1 AS `departamento`,

 1 AS `ubicaciones`*/;

SET character_set_client = @saved_cs_client;



--

-- Table structure for table `habitaciones`

--



DROP TABLE IF EXISTS `habitaciones`;

/*!40101 SET @saved_cs_client     = @@character_set_client */;

/*!40101 SET character_set_client = utf8 */;

CREATE TABLE `habitaciones` (

  `hab_no` int(11) NOT NULL AUTO_INCREMENT,

  `hab_name` varchar(255) NOT NULL,

  `edificio_no` int(11) NOT NULL,

  PRIMARY KEY (`hab_no`),

  KEY `efificio_no` (`edificio_no`),

  CONSTRAINT `habs_ibfk_1` FOREIGN KEY (`edificio_no`) REFERENCES `edificios` (`edificio_no`) ON DELETE CASCADE ON UPDATE CASCADE

) ENGINE=InnoDB AUTO_INCREMENT=25 DEFAULT CHARSET=utf8;

/*!40101 SET character_set_client = @saved_cs_client */;



--

-- Dumping data for table `habitaciones`

--



LOCK TABLES `habitaciones` WRITE;

/*!40000 ALTER TABLE `habitaciones` DISABLE KEYS */;

INSERT INTO `habitaciones` VALUES (6,'hab_MELIA_2',2),(7,'hab_MELIA_3',2),(8,'hab_MELIA_4',2),(9,'hab_STAR_1',3),(10,'hab_STAR_2',3),(11,'hab_STAR_3',3),(12,'hab_STAR_4',3),(13,'hab_BARCELO_1',4),(14,'hab_BARCELO_2',4),(15,'hab_BARCELO_3',4),(16,'hab_BARCELO_4',4),(17,'hab_RIU_1',5),(18,'hab_RIU_2',5),(19,'hab_RIU_3',5),(20,'hab_RIU_4',5),(21,'hab_TARTESUS_1',6),(22,'hab_TARTESUS_2',6),(23,'hab_TARTESUS_3',6),(24,'hab_TARTESUS_4',6);

/*!40000 ALTER TABLE `habitaciones` ENABLE KEYS */;

UNLOCK TABLES;

/*!50003 SET @saved_cs_client      = @@character_set_client */ ;

/*!50003 SET @saved_cs_results     = @@character_set_results */ ;

/*!50003 SET @saved_col_connection = @@collation_connection */ ;

/*!50003 SET character_set_client  = utf8 */ ;

/*!50003 SET character_set_results = utf8 */ ;

/*!50003 SET collation_connection  = utf8_general_ci */ ;

/*!50003 SET @saved_sql_mode       = @@sql_mode */ ;

/*!50003 SET sql_mode              = 'STRICT_TRANS_TABLES,NO_ENGINE_SUBSTITUTION' */ ;

DELIMITER ;;

/*!50003 CREATE*/ /*!50017 DEFINER=`root`@`localhost`*/ /*!50003 TRIGGER Disp_habitacionesEliminadas

AFTER DELETE

ON habitaciones

FOR EACH ROW

INSERT INTO habitacionesEliminadas (hab_no,hab_name,edificio_no)

VALUES (OLD.hab_no, OLD.hab_name,OLD.edificio_no) */;;

DELIMITER ;

/*!50003 SET sql_mode              = @saved_sql_mode */ ;

/*!50003 SET character_set_client  = @saved_cs_client */ ;

/*!50003 SET character_set_results = @saved_cs_results */ ;

/*!50003 SET collation_connection  = @saved_col_connection */ ;



--

-- Table structure for table `habitacioneseliminadas`

--



DROP TABLE IF EXISTS `habitacioneseliminadas`;

/*!40101 SET @saved_cs_client     = @@character_set_client */;

/*!40101 SET character_set_client = utf8 */;

CREATE TABLE `habitacioneseliminadas` (

  `hab_no` int(11) NOT NULL AUTO_INCREMENT,

  `hab_name` varchar(255) NOT NULL,

  `edificio_no` int(11) NOT NULL,

  PRIMARY KEY (`hab_no`),

  KEY `efificio_no` (`edificio_no`)

) ENGINE=InnoDB AUTO_INCREMENT=6 DEFAULT CHARSET=utf8;

/*!40101 SET character_set_client = @saved_cs_client */;



--

-- Dumping data for table `habitacioneseliminadas`

--



LOCK TABLES `habitacioneseliminadas` WRITE;

/*!40000 ALTER TABLE `habitacioneseliminadas` DISABLE KEYS */;

INSERT INTO `habitacioneseliminadas` VALUES (5,'hab_MELIA_1',2);

/*!40000 ALTER TABLE `habitacioneseliminadas` ENABLE KEYS */;

UNLOCK TABLES;



--

-- Table structure for table `hipoteca`

--



DROP TABLE IF EXISTS `hipoteca`;

/*!40101 SET @saved_cs_client     = @@character_set_client */;

/*!40101 SET character_set_client = utf8 */;

CREATE TABLE `hipoteca` (

  `id` int(11) NOT NULL AUTO_INCREMENT,

  `finalidad` varchar(50) DEFAULT NULL,

  `valorAdquisicion` int(9) DEFAULT NULL,

  `valorImporte` int(9) DEFAULT NULL,

  `plazo` int(9) DEFAULT NULL,

  `direccion` varchar(70) DEFAULT NULL,

  `cargas` int(9) DEFAULT NULL,

  `vinculacion` varchar(50) DEFAULT NULL,

  `dninie` varchar(70) DEFAULT NULL,

  `ape1` varchar(50) DEFAULT NULL,

  `ape2` varchar(50) DEFAULT NULL,

  `nombre` varchar(50) DEFAULT NULL,

  `fechaNacimiento` datetime DEFAULT NULL,

  `fijo` tinyint(9) DEFAULT NULL,

  `temporal` tinyint(9) DEFAULT NULL,

  `autonomo` tinyint(9) DEFAULT NULL,

  `otrosCosas` tinyint(9) DEFAULT NULL,

  `profesion` varchar(50) DEFAULT NULL,

  `domicilio` varchar(50) DEFAULT NULL,

  `poblacion` varchar(50) DEFAULT NULL,

  `codigoPostal` varchar(50) DEFAULT NULL,

  `nombreEmpresa` varchar(50) DEFAULT NULL,

  `actividad` varchar(50) DEFAULT NULL,

  `antiguedad` varchar(50) DEFAULT NULL,

  `puesto` int(9) DEFAULT NULL,

  `direccionEmpresa` varchar(70) DEFAULT NULL,

  `contactoEmpresa` varchar(70) DEFAULT NULL,

  `editar` tinyint(9) DEFAULT NULL,

  `comentarios` varchar(70) DEFAULT NULL,

  `ingresosFijos` int(9) DEFAULT NULL,

  `ingresosVariables` int(9) DEFAULT NULL,

  `gastosAlquiler` int(9) DEFAULT NULL,

  `gastosHipoteca` int(9) DEFAULT NULL,

  `otros` varchar(70) DEFAULT NULL,

  `valor` int(9) DEFAULT NULL,

  `cargasVivienda` int(9) DEFAULT NULL,

  `propiedad` tinyint(9) DEFAULT NULL,

  `escritura` tinyint(9) DEFAULT NULL,

  `contratoPrivado` tinyint(9) DEFAULT NULL,

  `otrosGastos` tinyint(9) DEFAULT NULL,

  `padres` tinyint(9) DEFAULT NULL,

  `alquiler` tinyint(9) DEFAULT NULL,

  `otrosBienes` varchar(70) DEFAULT NULL,

  PRIMARY KEY (`id`)

) ENGINE=InnoDB AUTO_INCREMENT=5 DEFAULT CHARSET=utf8;

/*!40101 SET character_set_client = @saved_cs_client */;



--

-- Dumping data for table `hipoteca`

--



LOCK TABLES `hipoteca` WRITE;

/*!40000 ALTER TABLE `hipoteca` DISABLE KEYS */;

INSERT INTO `hipoteca` VALUES (1,'tgh',5,6,6,'jhg',4,'hgj','46578hg','nb','bn','gn','1990-12-12 11:12:12',0,1,0,1,'n','n','n','n','fh','hg','5',5,'fcghhg','gh',1,'h',6,6,6,6,'g',6,6,0,1,0,0,1,0,'h'),(2,'FG',5,6,6,'GH',6,'HG','4356789H','HJ','g','gj','1990-10-10 11:12:12',0,1,1,0,'tyh','yt','gh','4567','gh','hg','5',76,'fgj','gjg',1,'jh',7,7,7,78,'hj',7,7,0,0,1,0,0,1,'j'),(3,'h',5,5,5,'ghj',5,'hh','457668k','h','h','h','1990-10-12 11:12:12',1,1,0,0,'tg','hg','th','hy5','h','h','h',5,'hg','ghgj',1,'j',56,56,56,56,'n',65,65,0,1,1,0,0,1,'jjj'),(4,'T',8,8,6,'HN',7,'MN','45678H','HG','HG','HG','1990-10-10 11:12:12',0,1,1,0,'GH','GH','GH','gh','TY','TY','YTY',6,'GFH','HG',1,'j',7,7,7,7,'g',7,7,0,1,0,0,0,1,'ju');

/*!40000 ALTER TABLE `hipoteca` ENABLE KEYS */;

UNLOCK TABLES;



--

-- Table structure for table `paises`

--



DROP TABLE IF EXISTS `paises`;

/*!40101 SET @saved_cs_client     = @@character_set_client */;

/*!40101 SET character_set_client = utf8 */;

CREATE TABLE `paises` (

  `id` int(11) NOT NULL AUTO_INCREMENT,

  `idRegiones` int(11) NOT NULL,

  `nombre` varchar(25) NOT NULL,

  PRIMARY KEY (`id`),

  KEY `idRegiones` (`idRegiones`),

  CONSTRAINT `paises_ibfk_1` FOREIGN KEY (`idRegiones`) REFERENCES `regiones` (`id`)

) ENGINE=InnoDB AUTO_INCREMENT=15 DEFAULT CHARSET=utf8;

/*!40101 SET character_set_client = @saved_cs_client */;



--

-- Dumping data for table `paises`

--



LOCK TABLES `paises` WRITE;

/*!40000 ALTER TABLE `paises` DISABLE KEYS */;

INSERT INTO `paises` VALUES (1,1,'India'),(2,1,'China'),(3,1,'Japon'),(4,2,'Chile'),(5,2,'Argentina'),(6,2,'Mexico'),(7,3,'Espaa'),(8,3,'Francia'),(9,3,'Alemania'),(10,4,'Australia'),(11,4,'Nueva Zelanda'),(12,5,'Senegal'),(13,5,'Marruecos'),(14,5,'Ghana');

/*!40000 ALTER TABLE `paises` ENABLE KEYS */;

UNLOCK TABLES;



--

-- Temporary table structure for view `pringados_barcelona_entre_pringados`

--



DROP TABLE IF EXISTS `pringados_barcelona_entre_pringados`;

/*!50001 DROP VIEW IF EXISTS `pringados_barcelona_entre_pringados`*/;

SET @saved_cs_client     = @@character_set_client;

SET character_set_client = utf8;

/*!50001 CREATE VIEW `pringados_barcelona_entre_pringados` AS SELECT 

 1 AS `id`,

 1 AS `nombre`,

 1 AS `apellido`,

 1 AS `salario`*/;

SET character_set_client = @saved_cs_client;



--

-- Table structure for table `puesto`

--



DROP TABLE IF EXISTS `puesto`;

/*!40101 SET @saved_cs_client     = @@character_set_client */;

/*!40101 SET character_set_client = utf8 */;

CREATE TABLE `puesto` (

  `id` int(11) NOT NULL AUTO_INCREMENT,

  `nombre` varchar(25) NOT NULL,

  `fecha_entrada` datetime NOT NULL,

  `fecha_salida` datetime DEFAULT NULL,

  PRIMARY KEY (`id`)

) ENGINE=InnoDB AUTO_INCREMENT=7 DEFAULT CHARSET=utf8;

/*!40101 SET character_set_client = @saved_cs_client */;



--

-- Dumping data for table `puesto`

--



LOCK TABLES `puesto` WRITE;

/*!40000 ALTER TABLE `puesto` DISABLE KEYS */;

INSERT INTO `puesto` VALUES (1,'becario','2017-01-23 00:00:00',NULL),(2,'programador_j','2016-02-10 00:00:00',NULL),(3,'programador_s','2013-05-29 00:00:00','2016-12-04 08:07:02'),(4,'Analista Programador','2012-08-26 00:00:00',NULL),(5,'Analista Organica','2014-03-05 00:00:00','2016-03-15 00:00:00'),(6,'Jefe Proyecto','2010-11-06 00:00:00','2016-03-15 00:00:00');

/*!40000 ALTER TABLE `puesto` ENABLE KEYS */;

UNLOCK TABLES;



--

-- Table structure for table `regiones`

--



DROP TABLE IF EXISTS `regiones`;

/*!40101 SET @saved_cs_client     = @@character_set_client */;

/*!40101 SET character_set_client = utf8 */;

CREATE TABLE `regiones` (

  `id` int(11) NOT NULL AUTO_INCREMENT,

  `nombre` varchar(25) NOT NULL,

  PRIMARY KEY (`id`)

) ENGINE=InnoDB AUTO_INCREMENT=6 DEFAULT CHARSET=utf8;

/*!40101 SET character_set_client = @saved_cs_client */;



--

-- Dumping data for table `regiones`

--



LOCK TABLES `regiones` WRITE;

/*!40000 ALTER TABLE `regiones` DISABLE KEYS */;

INSERT INTO `regiones` VALUES (1,'Asia'),(2,'America'),(3,'Europa'),(4,'Oceania'),(5,'Africa');

/*!40000 ALTER TABLE `regiones` ENABLE KEYS */;

UNLOCK TABLES;



--

-- Table structure for table `ubicaciones`

--



DROP TABLE IF EXISTS `ubicaciones`;

/*!40101 SET @saved_cs_client     = @@character_set_client */;

/*!40101 SET character_set_client = utf8 */;

CREATE TABLE `ubicaciones` (

  `id` int(11) NOT NULL AUTO_INCREMENT,

  `idPaises` int(11) NOT NULL,

  `nombre` varchar(25) NOT NULL,

  `num_empleados` int(11) NOT NULL,

  PRIMARY KEY (`id`),

  KEY `idPaises` (`idPaises`),

  CONSTRAINT `ubicaciones_ibfk_1` FOREIGN KEY (`idPaises`) REFERENCES `paises` (`id`)

) ENGINE=InnoDB AUTO_INCREMENT=29 DEFAULT CHARSET=utf8;

/*!40101 SET character_set_client = @saved_cs_client */;



--

-- Dumping data for table `ubicaciones`

--



LOCK TABLES `ubicaciones` WRITE;

/*!40000 ALTER TABLE `ubicaciones` DISABLE KEYS */;

INSERT INTO `ubicaciones` VALUES (1,1,'Nueva Delhi',46),(2,1,'Bombay',51),(3,2,'Pekin',42),(4,2,'Shangai',63),(5,3,'Tokio',56),(6,3,'Kioto',50),(7,4,'Santiago',47),(8,4,'Concepcion',45),(9,5,'Buenos Aires',45),(10,5,'Rosario',41),(11,6,'Ciudad de Mexico',36),(12,6,'Guadalajara',44),(13,7,'Madrid',44),(14,7,'Barcelona',51),(15,8,'Paris',21),(16,8,'Lion',21),(17,9,'Berlin',21),(18,9,'Munich',20),(19,10,'Sindney',17),(20,10,'Perth',16),(21,11,'Auckland',19),(22,11,'Wellinton',14),(23,12,'Dakar',19),(24,12,'Toubar',15),(25,13,'Casablanca',16),(26,13,'Rabat',16),(27,14,'Acra',14),(28,14,'Kumasi',16);

/*!40000 ALTER TABLE `ubicaciones` ENABLE KEYS */;

UNLOCK TABLES;



--

-- Table structure for table `usuario`

--



DROP TABLE IF EXISTS `usuario`;

/*!40101 SET @saved_cs_client     = @@character_set_client */;

/*!40101 SET character_set_client = utf8 */;

CREATE TABLE `usuario` (

  `id` int(11) NOT NULL AUTO_INCREMENT,

  `alias` varchar(50) DEFAULT NULL,

  `clave` varchar(50) DEFAULT NULL,

  `grupo` int(6) DEFAULT NULL,

  PRIMARY KEY (`id`)

) ENGINE=InnoDB AUTO_INCREMENT=12 DEFAULT CHARSET=utf8;

/*!40101 SET character_set_client = @saved_cs_client */;



--

-- Dumping data for table `usuario`

--



LOCK TABLES `usuario` WRITE;

/*!40000 ALTER TABLE `usuario` DISABLE KEYS */;

INSERT INTO `usuario` VALUES (1,'Raul','Luar',1),(2,'Vera','dog',2),(10,'Alexandra','Alex',2),(11,'felix','elgato',3);

/*!40000 ALTER TABLE `usuario` ENABLE KEYS */;

UNLOCK TABLES;



--

-- Final view structure for view `empleados_rrhh_acra`

--



/*!50001 DROP VIEW IF EXISTS `empleados_rrhh_acra`*/;

/*!50001 SET @saved_cs_client          = @@character_set_client */;

/*!50001 SET @saved_cs_results         = @@character_set_results */;

/*!50001 SET @saved_col_connection     = @@collation_connection */;

/*!50001 SET character_set_client      = utf8 */;

/*!50001 SET character_set_results     = utf8 */;

/*!50001 SET collation_connection      = utf8_general_ci */;

/*!50001 CREATE ALGORITHM=UNDEFINED */

/*!50013 DEFINER=`root`@`localhost` SQL SECURITY DEFINER */

/*!50001 VIEW `empleados_rrhh_acra` AS (select `empleados`.`nombre` AS `Nombre`,`empleados`.`apellido` AS `Apellido`,`departamentos`.`nombre` AS `Departamento`,`ubicaciones`.`nombre` AS `Ubicaciones` from ((`empleados` join `departamentos`) join `ubicaciones`) where ((`empleados`.`idDepartamento` = `departamentos`.`id`) and (`departamentos`.`idUbicaciones` = `ubicaciones`.`id`) and (`departamentos`.`nombre` like 'RRHH') and (`ubicaciones`.`nombre` like 'Acra'))) */;

/*!50001 SET character_set_client      = @saved_cs_client */;

/*!50001 SET character_set_results     = @saved_cs_results */;

/*!50001 SET collation_connection      = @saved_col_connection */;



--

-- Final view structure for view `empleados_rrhh_barcelona`

--



/*!50001 DROP VIEW IF EXISTS `empleados_rrhh_barcelona`*/;

/*!50001 SET @saved_cs_client          = @@character_set_client */;

/*!50001 SET @saved_cs_results         = @@character_set_results */;

/*!50001 SET @saved_col_connection     = @@collation_connection */;

/*!50001 SET character_set_client      = utf8 */;

/*!50001 SET character_set_results     = utf8 */;

/*!50001 SET collation_connection      = utf8_general_ci */;

/*!50001 CREATE ALGORITHM=UNDEFINED */

/*!50013 DEFINER=`root`@`localhost` SQL SECURITY DEFINER */

/*!50001 VIEW `empleados_rrhh_barcelona` AS (select `empleados`.`id` AS `id`,`empleados`.`nombre` AS `nombre`,`empleados`.`apellido` AS `apellido`,`departamentos`.`nombre` AS `departamento`,`ubicaciones`.`nombre` AS `ubicaciones` from ((`empleados` join `departamentos`) join `ubicaciones`) where ((`empleados`.`idDepartamento` = `departamentos`.`id`) and (`departamentos`.`idUbicaciones` = `ubicaciones`.`id`) and (`departamentos`.`nombre` like 'RRHH') and (`ubicaciones`.`nombre` like 'Barcelona'))) */;

/*!50001 SET character_set_client      = @saved_cs_client */;

/*!50001 SET character_set_results     = @saved_cs_results */;

/*!50001 SET collation_connection      = @saved_col_connection */;



--

-- Final view structure for view `pringados_barcelona_entre_pringados`

--



/*!50001 DROP VIEW IF EXISTS `pringados_barcelona_entre_pringados`*/;

/*!50001 SET @saved_cs_client          = @@character_set_client */;

/*!50001 SET @saved_cs_results         = @@character_set_results */;

/*!50001 SET @saved_col_connection     = @@collation_connection */;

/*!50001 SET character_set_client      = utf8 */;

/*!50001 SET character_set_results     = utf8 */;

/*!50001 SET collation_connection      = utf8_general_ci */;

/*!50001 CREATE ALGORITHM=UNDEFINED */

/*!50013 DEFINER=`root`@`localhost` SQL SECURITY DEFINER */

/*!50001 VIEW `pringados_barcelona_entre_pringados` AS (select `empleados`.`id` AS `id`,`empleados`.`nombre` AS `nombre`,`empleados`.`apellido` AS `apellido`,`empleados`.`salario` AS `salario` from (((`empleados` join `puesto`) join `departamentos`) join `ubicaciones`) where ((`empleados`.`idPuesto` = `puesto`.`id`) and (`empleados`.`idDepartamento` = `departamentos`.`id`) and (`departamentos`.`idUbicaciones` = `ubicaciones`.`id`) and (`puesto`.`nombre` like 'becario') and (`ubicaciones`.`nombre` like 'Barcelona') and `empleados`.`salario` < all (select avg(`empleados`.`salario`) from (((`empleados` join `departamentos`) join `ubicaciones`) join `puesto`) where ((`empleados`.`idDepartamento` = `departamentos`.`id`) and (`empleados`.`idDepartamento` = `departamentos`.`id`) and (`departamentos`.`idUbicaciones` = `ubicaciones`.`id`) and (`puesto`.`nombre` like 'becario')) group by `departamentos`.`nombre`,`ubicaciones`.`nombre`))) */;

/*!50001 SET character_set_client      = @saved_cs_client */;

/*!50001 SET character_set_results     = @saved_cs_results */;

/*!50001 SET collation_connection      = @saved_col_connection */;

/*!40103 SET TIME_ZONE=@OLD_TIME_ZONE */;



/*!40101 SET SQL_MODE=@OLD_SQL_MODE */;

/*!40014 SET FOREIGN_KEY_CHECKS=@OLD_FOREIGN_KEY_CHECKS */;

/*!40014 SET UNIQUE_CHECKS=@OLD_UNIQUE_CHECKS */;

/*!40101 SET CHARACTER_SET_CLIENT=@OLD_CHARACTER_SET_CLIENT */;

/*!40101 SET CHARACTER_SET_RESULTS=@OLD_CHARACTER_SET_RESULTS */;

/*!40101 SET COLLATION_CONNECTION=@OLD_COLLATION_CONNECTION */;

/*!40111 SET SQL_NOTES=@OLD_SQL_NOTES */;



-- Dump completed on 2022-01-28 10:43:42

